batch_id,speech_key,reference_role,source_review_status,audio_review_status,english_text,filipino_text,staged_audio_path,duration_seconds,sha256,review_notes
batch-002,lesson-6-clue-why,instruction,approved,approved,"Why asks for a reason. Find the words that tell why it happened.","Ang Why ay nagtatanong tungkol sa dahilan. Hanapin ang mga salitang nagsasabi kung bakit ito nangyari.",apps/api/storage/app/private/tts/staging/fil-PH-v1/sh-fil/lessons/lesson-6/support/clues/lesson-6-clue-why.wav,7.200,4bbca64b6421a25dfcb708f87a38ec31f3bea56f2619593b3dcd02f899b7ef64,"Approved by the product owner after listening review on 2026-08-09."
batch-002,lesson-6-complete,result,approved,approved,"You finished all six reading lessons. You are a Question Detective. Your Final Assessment is ready.","Natapos mo ang lahat ng anim na aralin sa pagbasa. Isa ka nang Question Detective. Handa na ang iyong Final Assessment.",apps/api/storage/app/private/tts/staging/fil-PH-v1/sh-fil/lessons/lesson-6/completion/lesson-6-complete.wav,9.280,cbeb6de1ed8fdd0e7a0107e3ef7964ae53f220fa3202edd056181b6b0652b73e,"Approved by the product owner after listening review on 2026-08-09."
batch-002,lesson-6-question-who-lena,question,approved,approved,"Who has a red bag?","Sino ang may pulang bag?",apps/api/storage/app/private/tts/staging/fil-PH-v1/sh-fil/lessons/lesson-6/question/lesson-6-question-who-lena.wav,2.080,af3c1ddb41f5d76f976970e05640d5c827d2510a3b071ebeaa72c5e365a9bec2,"Approved by the product owner after listening review on 2026-08-09."
batch-002,lesson-6-guided-who-lena,instruction,approved,approved,"Look at the highlighted name. Who has a red bag?","Tingnan ang pangalang naka-highlight. Sino ang may pulang bag?",apps/api/storage/app/private/tts/staging/fil-PH-v1/sh-fil/lessons/lesson-6/guided/lesson-6-guided-who-lena.wav,4.640,228c9d483ddc393b4568f27ed36e07b8815ac3ad9ea66ed20d6e023b0ef5b64c,"Approved by the product owner after listening review on 2026-08-09."
batch-002,lesson-6-demo-who-lena,instruction,approved,approved,"The sentence says Lena. Choose Lena.","Lena ang sinasabi ng pangungusap. Piliin si Lena.",apps/api/storage/app/private/tts/staging/fil-PH-v1/sh-fil/lessons/lesson-6/demo/lesson-6-demo-who-lena.wav,4.480,3918bcb89bdcdae1a84f82828b6e15fd51550f35de97a6de34fe34ffb1af3438,"Approved by the product owner after listening review on 2026-08-09."
batch-002,lesson-6-correct-who-lena,result,approved,approved,"That is correct. Lena has the red bag.","Tama. Si Lena ang may pulang bag.",apps/api/storage/app/private/tts/staging/fil-PH-v1/sh-fil/lessons/lesson-6/correct/lesson-6-correct-who-lena.wav,3.200,f91d47c865191fb69344a50d6ce2a75e48a82ca730815156c33c3fa092405799,"Approved by the product owner after listening review on 2026-08-09."
batch-002,lesson-6-question-who-rosa,question,approved,approved,"Who has a pet cat?","Sino ang may alagang pusa?",apps/api/storage/app/private/tts/staging/fil-PH-v1/sh-fil/lessons/lesson-6/question/lesson-6-question-who-rosa.wav,2.080,62546e6274211885abf5a9e2db3cb46ce184383977b406f1ebb5553bdb684783,"Approved by the product owner after listening review on 2026-08-09."
batch-002,lesson-6-guided-who-rosa,instruction,approved,approved,"Look at the highlighted name. Who has a pet cat?","Tingnan ang pangalang naka-highlight. Sino ang may alagang pusa?",apps/api/storage/app/private/tts/staging/fil-PH-v1/sh-fil/lessons/lesson-6/guided/lesson-6-guided-who-rosa.wav,4.480,2fa9a36b0ce8d730facf949dc3d6466701b429b2c367fb5a198fc291eb1fb820,"Approved by the product owner after listening review on 2026-08-09."
batch-002,lesson-6-demo-who-rosa,instruction,approved,approved,"The sentence says Rosa. Choose Rosa.","Rosa ang sinasabi ng pangungusap. Piliin si Rosa.",apps/api/storage/app/private/tts/staging/fil-PH-v1/sh-fil/lessons/lesson-6/demo/lesson-6-demo-who-rosa.wav,4.640,0a4057997176273ed15410e3d1c979cc0080bd5bac9fc64b9bb1b4878833bbcb,"Approved by the product owner after listening review on 2026-08-09."
batch-002,lesson-6-correct-who-rosa,result,approved,approved,"That is correct. Rosa has the pet cat.","Tama. Si Rosa ang may alagang pusa.",apps/api/storage/app/private/tts/staging/fil-PH-v1/sh-fil/lessons/lesson-6/correct/lesson-6-correct-who-rosa.wav,3.360,d5898d684bf5bf74259d51239ade2ce9b1f578d1ee2e550dfdeff0d09ccd16a7,"Approved by the product owner after listening review on 2026-08-09."
batch-002,lesson-6-question-what-mia,question,approved,approved,"What does Mia have?","Ano ang mayroon si Mia?",apps/api/storage/app/private/tts/staging/fil-PH-v1/sh-fil/lessons/lesson-6/question/lesson-6-question-what-mia.wav,1.600,35c627d8c4f50e486a1d80f75ab434be468846387338a4251a67ce5deb2bf3d7,"Approved by the product owner after listening review on 2026-08-09."
batch-002,lesson-6-guided-what-mia,instruction,approved,approved,"Look at the highlighted thing. What does Mia have?","Tingnan ang bagay na naka-highlight. Ano ang mayroon si Mia?",apps/api/storage/app/private/tts/staging/fil-PH-v1/sh-fil/lessons/lesson-6/guided/lesson-6-guided-what-mia.wav,3.520,85abf9d0f76163f5334b7eee0d59a958f3d6c1bbd6c76d48d14035d4bd9b0049,"Approved by the product owner after listening review on 2026-08-09."
batch-002,lesson-6-demo-what-mia,instruction,approved,approved,"The sentence says a red pen. Choose A red pen.","Pulang bolpen ang sinasabi ng pangungusap. Piliin ang pulang bolpen.",apps/api/storage/app/private/tts/staging/fil-PH-v1/sh-fil/lessons/lesson-6/demo/lesson-6-demo-what-mia.wav,5.920,f808880e0dd462c806432b97653b49498045cd8553029a588c4d2b1b4170d90e,"Approved by the product owner after listening review on 2026-08-09."
batch-002,lesson-6-correct-what-mia,result,approved,approved,"That is correct. Mia has a red pen.","Tama. May pulang bolpen si Mia.",apps/api/storage/app/private/tts/staging/fil-PH-v1/sh-fil/lessons/lesson-6/correct/lesson-6-correct-what-mia.wav,2.880,897bc4321b5626f43756f1d5e4abb0374c2a945160d7483372aa78ba05204997,"Approved by the product owner after listening review on 2026-08-09."
batch-002,lesson-6-question-what-ben,question,approved,approved,"What does Ben have?","Ano ang mayroon si Ben?",apps/api/storage/app/private/tts/staging/fil-PH-v1/sh-fil/lessons/lesson-6/question/lesson-6-question-what-ben.wav,1.920,12b887b9eb25f4c2882ab400dfee7086515ff5883b6c9c7cfebfc7bf2d040521,"Approved by the product owner after listening review on 2026-08-09."
batch-002,lesson-6-guided-what-ben,instruction,approved,approved,"Look at the highlighted thing. What does Ben have?","Tingnan ang bagay na naka-highlight. Ano ang mayroon si Ben?",apps/api/storage/app/private/tts/staging/fil-PH-v1/sh-fil/lessons/lesson-6/guided/lesson-6-guided-what-ben.wav,4.160,5da5941f685678d23b547a200a677a4a2df7c6b2272b3707cc7b184649547ffd,"Approved by the product owner after listening review on 2026-08-09."
batch-002,lesson-6-demo-what-ben,instruction,approved,approved,"The sentence says a pet dog. Choose A pet dog.","Alagang aso ang sinasabi ng pangungusap. Piliin ang alagang aso.",apps/api/storage/app/private/tts/staging/fil-PH-v1/sh-fil/lessons/lesson-6/demo/lesson-6-demo-what-ben.wav,5.760,987609ad508838a058743f162f62e5f949ff7eae9c4ae5dc8e8cfad33870cbc9,"Approved by the product owner after listening review on 2026-08-09."
batch-002,lesson-6-correct-what-ben,result,approved,approved,"That is correct. Ben has a pet dog.","Tama. May alagang aso si Ben.",apps/api/storage/app/private/tts/staging/fil-PH-v1/sh-fil/lessons/lesson-6/correct/lesson-6-correct-what-ben.wav,2.400,ca78f8410f35b2c374254e6ff9acfde8f8c876c393e80956147b266dbdf0bd73,"Approved by the product owner after listening review on 2026-08-09."
batch-002,lesson-6-question-where-cat,question,approved,approved,"Where is the cat?","Nasaan ang pusa?",apps/api/storage/app/private/tts/staging/fil-PH-v1/sh-fil/lessons/lesson-6/question/lesson-6-question-where-cat.wav,1.440,dc99e31baa1d35595bd1b05492b1240512b080b175532a4d85eb6dbf85be08ff,"Approved by the product owner after listening review on 2026-08-09."
batch-002,lesson-6-guided-where-cat,instruction,approved,approved,"Look at the highlighted place. Where is the cat?","Tingnan ang lugar na naka-highlight. Nasaan ang pusa?",apps/api/storage/app/private/tts/staging/fil-PH-v1/sh-fil/lessons/lesson-6/guided/lesson-6-guided-where-cat.wav,4.160,9891fb1a10c201dd7850a01f5ce7392efc85d3caab4fbe9a952bbd266a482d91,"Approved by the product owner after listening review on 2026-08-09."
batch-002,lesson-6-demo-where-cat,instruction,approved,approved,"The sentence says on a bed. Choose On a bed.","Nasa ibabaw ng kama ang sinasabi ng pangungusap. Piliin ang nasa ibabaw ng kama.",apps/api/storage/app/private/tts/staging/fil-PH-v1/sh-fil/lessons/lesson-6/demo/lesson-6-demo-where-cat.wav,5.440,c956e747aced70752e7fa7839fe0e62775f8a5adb0bd652a81e4abd602e235fb,"Approved by the product owner after listening review on 2026-08-09."
batch-002,lesson-6-correct-where-cat,result,approved,approved,"That is correct. The cat is on a bed.","Tama. Nasa ibabaw ng kama ang pusa.",apps/api/storage/app/private/tts/staging/fil-PH-v1/sh-fil/lessons/lesson-6/correct/lesson-6-correct-where-cat.wav,3.360,ce795a74e25e5181d0b291497eca79d3b0a5d369ee8aee6e1c25c69bb3abe6c1,"Approved by the product owner after listening review on 2026-08-09."
batch-002,lesson-6-question-where-hen,question,approved,approved,"Where is the hen?","Nasaan ang inahin?",apps/api/storage/app/private/tts/staging/fil-PH-v1/sh-fil/lessons/lesson-6/question/lesson-6-question-where-hen.wav,1.760,601618b8447219a6b69bb2d76bc9b2d1cdfa88056e7b70a38a0d022962e85eb4,"Approved by the product owner after listening review on 2026-08-09."
batch-002,lesson-6-guided-where-hen,instruction,approved,approved,"Look at the highlighted place. Where is the hen?","Tingnan ang lugar na naka-highlight. Nasaan ang inahin?",apps/api/storage/app/private/tts/staging/fil-PH-v1/sh-fil/lessons/lesson-6/guided/lesson-6-guided-where-hen.wav,4.960,a3e60da4c229aee848274f9ca64aad7a59a3e4407a63c050fb6fa34bad5400f2,"Approved by the product owner after listening review on 2026-08-09."
batch-002,lesson-6-demo-where-hen,instruction,approved,approved,"The sentence says in a hut. Choose In a hut.","Nasa loob ng kubo ang sinasabi ng pangungusap. Piliin ang nasa loob ng kubo.",apps/api/storage/app/private/tts/staging/fil-PH-v1/sh-fil/lessons/lesson-6/demo/lesson-6-demo-where-hen.wav,6.560,8431facacb8aebdf12d5ae7a3ea45aec54684e2dea2bd27a675a137149e0dae3,"Approved by the product owner after listening review on 2026-08-09."
batch-002,lesson-6-correct-where-hen,result,approved,approved,"That is correct. The hen is in a hut.","Tama. Nasa loob ng kubo ang inahin.",apps/api/storage/app/private/tts/staging/fil-PH-v1/sh-fil/lessons/lesson-6/correct/lesson-6-correct-where-hen.wav,4.000,5838b7a247b43fb33746acb342169b4f67c4ab1505ff5f9215dd3e8ac73e219d,"Approved by the product owner after listening review on 2026-08-09."
batch-002,lesson-6-question-when-lito,question,approved,approved,"When can Lito run?","Kailan maaaring tumakbo si Lito?",apps/api/storage/app/private/tts/staging/fil-PH-v1/sh-fil/lessons/lesson-6/question/lesson-6-question-when-lito.wav,2.400,22bb2b0b224290e96c9e8292170acfb164cddfd603e43e77868bc52ef961bc99,"Approved by the product owner after listening review on 2026-08-09."
batch-002,lesson-6-guided-when-lito,instruction,approved,approved,"Look at the highlighted time. When can Lito run?","Tingnan ang oras na naka-highlight. Kailan maaaring tumakbo si Lito?",apps/api/storage/app/private/tts/staging/fil-PH-v1/sh-fil/lessons/lesson-6/guided/lesson-6-guided-when-lito.wav,4.640,9c491d4b0c520cf29677fa336e1364fec53e931784b8d7e0b3353835825ee79c,"Approved by the product owner after listening review on 2026-08-09."
batch-002,lesson-6-demo-when-lito,instruction,approved,approved,"The sentence says at noon. Choose At noon.","Sa tanghali ang sinasabi ng pangungusap. Piliin ang sa tanghali.",apps/api/storage/app/private/tts/staging/fil-PH-v1/sh-fil/lessons/lesson-6/demo/lesson-6-demo-when-lito.wav,5.280,e0c0356564511f5560c8c4b987d58839f9c05091ee0583d8a13802ddb17bf975,"Approved by the product owner after listening review on 2026-08-09."
batch-002,lesson-6-correct-when-lito,result,approved,approved,"That is correct. Lito can run at noon.","Tama. Maaaring tumakbo si Lito sa tanghali.",apps/api/storage/app/private/tts/staging/fil-PH-v1/sh-fil/lessons/lesson-6/correct/lesson-6-correct-when-lito.wav,3.520,ed5a07959c3898cdbd59174c67b3784cd852e665abc707297602866bfc512c4e,"Approved by the product owner after listening review on 2026-08-09."
batch-002,lesson-6-question-when-nena,question,approved,approved,"When can Nena nap?","Kailan maaaring umidlip si Nena?",apps/api/storage/app/private/tts/staging/fil-PH-v1/sh-fil/lessons/lesson-6/question/lesson-6-question-when-nena.wav,2.400,683e5659fe6e5c1abc848c8a294e303a1ace03af8974ab68c8298a2905f66ced,"Approved by the product owner after listening review on 2026-08-09."
batch-002,lesson-6-guided-when-nena,instruction,approved,approved,"Look at the highlighted time. When can Nena nap?","Tingnan ang oras na naka-highlight. Kailan maaaring umidlip si Nena?",apps/api/storage/app/private/tts/staging/fil-PH-v1/sh-fil/lessons/lesson-6/guided/lesson-6-guided-when-nena.wav,4.640,282c266724d1b81a3aad49053199810a5e1f5680f5cdc4a7df3430d27919c216,"Approved by the product owner after listening review on 2026-08-09."
batch-002,lesson-6-demo-when-nena,instruction,approved,approved,"The sentence says at ten. Choose At ten.","Sa alas-diyes ang sinasabi ng pangungusap. Piliin ang sa alas-diyes.",apps/api/storage/app/private/tts/staging/fil-PH-v1/sh-fil/lessons/lesson-6/demo/lesson-6-demo-when-nena.wav,6.240,7da6a935a45052f630c16cd34ae35f426759b12f9620cad75a191ba69863be50,"Approved by the product owner after listening review on 2026-08-09."
batch-002,lesson-6-correct-when-nena,result,approved,approved,"That is correct. Nena can nap at ten.","Tama. Maaaring umidlip si Nena sa alas-diyes.",apps/api/storage/app/private/tts/staging/fil-PH-v1/sh-fil/lessons/lesson-6/correct/lesson-6-correct-when-nena.wav,4.640,3ad9af3fb71343c0d62207f4e160e9bbb6f261aacca57c06ebbc72b3bb24d029,"Approved by the product owner after listening review on 2026-08-09."
batch-002,lesson-6-question-why-mila,question,approved,approved,"Why is Mila wet?","Bakit basa si Mila?",apps/api/storage/app/private/tts/staging/fil-PH-v1/sh-fil/lessons/lesson-6/question/lesson-6-question-why-mila.wav,1.440,5e8403fb69ff5fc81876704ce74a0179eb631c52dddead125672cf0bf5b70e09,"Approved by the product owner after listening review on 2026-08-09."
batch-002,lesson-6-guided-why-mila,instruction,approved,approved,"Look at the highlighted reason. Why is Mila wet?","Tingnan ang dahilan na naka-highlight. Bakit basa si Mila?",apps/api/storage/app/private/tts/staging/fil-PH-v1/sh-fil/lessons/lesson-6/guided/lesson-6-guided-why-mila.wav,3.200,ce06ece36763881d961a888c1a907e6b434d1ba1c7e89a64a0827a78d8b32eeb,"Approved by the product owner after listening review on 2026-08-09."
batch-002,lesson-6-demo-why-mila,instruction,approved,approved,"The sentence says rain made Mila wet. Choose Rain.","Nabasa si Mila dahil sa ulan. Piliin ang ulan.",apps/api/storage/app/private/tts/staging/fil-PH-v1/sh-fil/lessons/lesson-6/demo/lesson-6-demo-why-mila.wav,4.960,e17d1e12e3177c5c198bf4a895b1d41f6a7dbb787a9ad6af6e635fdbec8d262e,"Approved by the product owner after listening review on 2026-08-09."
batch-002,lesson-6-correct-why-mila,result,approved,approved,"That is correct. Rain made Mila wet.","Tama. Nabasa si Mila dahil sa ulan.",apps/api/storage/app/private/tts/staging/fil-PH-v1/sh-fil/lessons/lesson-6/correct/lesson-6-correct-why-mila.wav,3.520,daacaa73ddb213c96498f51ca7097420e356efa18fe57c71dc149452ae6afddc,"Approved by the product owner after listening review on 2026-08-09."
batch-002,lesson-6-question-why-tino,question,approved,approved,"Why is Tino sad?","Bakit malungkot si Tino?",apps/api/storage/app/private/tts/staging/fil-PH-v1/sh-fil/lessons/lesson-6/question/lesson-6-question-why-tino.wav,1.760,3002933a87bbb0fe44356d03daaace50fb801eaec61f1043d47b1a8390b541c0,"Approved by the product owner after listening review on 2026-08-09."
batch-002,lesson-6-guided-why-tino,instruction,approved,approved,"Look at the highlighted reason. Why is Tino sad?","Tingnan ang dahilan na naka-highlight. Bakit malungkot si Tino?",apps/api/storage/app/private/tts/staging/fil-PH-v1/sh-fil/lessons/lesson-6/guided/lesson-6-guided-why-tino.wav,4.000,00151f220993c1617b36f4acadd13270a16561dc90f23a09122fb36b910b13ac,"Approved by the product owner after listening review on 2026-08-09."
batch-002,lesson-6-demo-why-tino,instruction,approved,approved,"The sentence says a cut made Tino sad. Choose A cut.","Nalungkot si Tino dahil sa sugat. Piliin ang sugat.",apps/api/storage/app/private/tts/staging/fil-PH-v1/sh-fil/lessons/lesson-6/demo/lesson-6-demo-why-tino.wav,4.960,53f22e8bcd2e01fb0f990ae8e82eead7ca8e23d3c201c4b336587e49f0d6a4f2,"Approved by the product owner after listening review on 2026-08-09."
batch-002,lesson-6-correct-why-tino,result,approved,approved,"That is correct. A cut made Tino sad.","Tama. Nalungkot si Tino dahil sa sugat.",apps/api/storage/app/private/tts/staging/fil-PH-v1/sh-fil/lessons/lesson-6/correct/lesson-6-correct-why-tino.wav,3.520,d27b7ed01bccbbee858c23907e08dd02e9c56d789b1aa6f91c2a4231d6648eb1,"Approved by the product owner after listening review on 2026-08-09."
batch-002,learn-with-clara-letters-parade-opening,instruction,approved,approved,"Oh no. A playful gust scattered the little letters before the parade. Will you help me bring each one back to its big-letter partner?","Naku. Ikinalat ng mapaglarong hangin ang maliliit na letra bago ang parada. Tutulungan mo ba akong ibalik ang bawat isa sa kapareha nitong malaking letra?",apps/api/storage/app/private/tts/staging/fil-PH-v1/sh-fil/learn-with-clara/letters/parade/opening.wav,10.400,4aad4162a58cc981db2689f620278eb44e4f765fcd80274fdc0393f1109c82ff,"Approved by the product owner after listening review on 2026-08-09."
batch-002,learn-with-clara-letters-find-a,question,approved,approved,"Big A is waiting under the apple arch. Can you find little a?","Naghihintay ang malaking A sa ilalim ng arkong may mansanas. Mahahanap mo ba ang maliit na a?",apps/api/storage/app/private/tts/staging/fil-PH-v1/sh-fil/learn-with-clara/letters/parade/find-a.wav,6.720,87ffd71d52b3dc6c6c60ef662bbb0074f63cdbe0a7ce7bbf397de0fc03c457ab,"Approved by the product owner after listening review on 2026-08-09."
batch-002,learn-with-clara-letters-find-b,question,approved,approved,"Now the balloon float is bobbing away. Find little b so big B has a partner.","Umaindayog na ang float na may lobo. Hanapin ang maliit na b upang magkaroon ng kapareha ang malaking B.",apps/api/storage/app/private/tts/staging/fil-PH-v1/sh-fil/learn-with-clara/letters/parade/find-b.wav,8.160,1bf7ea12a1b81204694359a6d3a8ae8b89c1152d0d0a70eed0530a12976d78d5,"Approved by the product owner after listening review on 2026-08-09."
batch-002,learn-with-clara-letters-find-c,question,approved,approved,"The curved banner is rolling across the road. Can you spot little c?","Gumugulong sa daan ang pakurbang banderitas. Makikita mo ba ang maliit na c?",apps/api/storage/app/private/tts/staging/fil-PH-v1/sh-fil/learn-with-clara/letters/parade/find-c.wav,6.080,863bf533f2a5ef51876cedadf4893e52e53ed38e9598ed4ba4f0c6a368e79370,"Approved by the product owner after listening review on 2026-08-09."
batch-002,learn-with-clara-letters-find-d,question,approved,approved,"Listen to the drum cart bounce. Find little d beside big D.","Pakinggan ang karitong may tambol. Hanapin ang maliit na d sa tabi ng malaking D.",apps/api/storage/app/private/tts/staging/fil-PH-v1/sh-fil/learn-with-clara/letters/parade/find-d.wav,5.920,c790f653062c7240017939bdd4f4c35fd540f2888c6b5c646804fc3007164e21,"Approved by the product owner after listening review on 2026-08-09."
batch-002,learn-with-clara-letters-find-e,question,approved,approved,"One last parade wagon is coming. Find little e so every pair can march together.","Paparating na ang huling karosa. Hanapin ang maliit na e upang magkasamang makapagparada ang bawat pares.",apps/api/storage/app/private/tts/staging/fil-PH-v1/sh-fil/learn-with-clara/letters/parade/find-e.wav,7.200,5df52b39bf01ddf1ad92621bcb1d3ae7d1497512d108717b8a6d254da0a5cbc9,"Approved by the product owner after listening review on 2026-08-09."
batch-002,learn-with-clara-letters-parade-finale,result,approved,approved,"We found every little letter. A, B, C, D, and E are together. The Letter Parade can begin.","Nahanap natin ang lahat ng maliliit na letra. Magkakasama na ang A, B, C, D, at E. Maaari nang magsimula ang Letter Parade.",apps/api/storage/app/private/tts/staging/fil-PH-v1/sh-fil/learn-with-clara/letters/parade/finale.wav,11.520,af5320a2e63585b7916c8cdfbbc3b00c2c6459c23a4a5899af88c3de0e82f537,"Approved by the product owner after listening review on 2026-08-09."
batch-002,lesson-intro,introduce,approved,approved,"Hi. I am happy you are here. Let us get ready to read together.","Kumusta. Masaya akong narito ka. Maghanda tayong magbasa nang magkasama.",apps/api/storage/app/private/tts/staging/fil-PH-v1/sh-fil/lesson-intro/lesson-intro.wav,5.920,fd7598f8c219b0efb80e4238630cb9957e4c0d488a450f62d266c14711e4e5e5,"Approved by the product owner after listening review on 2026-08-09."
batch-002,lesson-1-mission-1,instruction,approved,approved,"Look at the big letter and the small letter. Say their letter name.","Tingnan ang malaking letra at maliit na letra. Sabihin ang pangalan ng letra.",apps/api/storage/app/private/tts/staging/fil-PH-v1/sh-fil/lessons/lesson-1/mission-1/lesson-1-mission-1.wav,6.880,85ad4b4c23b4b6152f36cfa626e9499e796fea73b0c82aa87a4f4809366d7ce1,"Approved by the product owner after listening review on 2026-08-09."
batch-002,lesson-1-mission-2,instruction,approved,approved,"Find the first letter in the word. Say its letter name.","Hanapin ang unang letra ng salita. Sabihin ang pangalan nito.",apps/api/storage/app/private/tts/staging/fil-PH-v1/sh-fil/lessons/lesson-1/mission-2/lesson-1-mission-2.wav,4.640,a66c85f0e0575ad1b61cf769c9552020cdf50eee8a81194185b4da483e7317a9,"Approved by the product owner after listening review on 2026-08-09."
batch-002,lesson-1-mission-3,instruction,approved,approved,"Find the missing first letter. Say the letter that completes the word.","Hanapin ang nawawalang unang letra. Sabihin ang letrang kukumpleto sa salita.",apps/api/storage/app/private/tts/staging/fil-PH-v1/sh-fil/lessons/lesson-1/mission-3/lesson-1-mission-3.wav,6.560,cc9b5877e274f0b6bac9540140a76441efbf14bc81047a77a0330d8553e28559,"Approved by the product owner after listening review on 2026-08-09."
batch-002,lesson-1-complete,result,approved,approved,"Lesson one is complete. You are a Letter Leader.","Tapos na ang unang aralin. Isa ka nang Letter Leader.",apps/api/storage/app/private/tts/staging/fil-PH-v1/sh-fil/lessons/lesson-1/completion/lesson-1-complete.wav,4.640,46dd09d593aa857da781b3e3856f7a15789194a6091f0bc2bb8e08f1643c5d77,"Approved by the product owner after listening review on 2026-08-09."
batch-002,lesson-2-mission-1,instruction,approved,approved,"Read the word you see. Say the whole word.","Basahin ang salitang nakikita mo. Sabihin ang buong salita.",apps/api/storage/app/private/tts/staging/fil-PH-v1/sh-fil/lessons/lesson-2/mission-1/lesson-2-mission-1.wav,4.480,393b9e4b21c0a07ff425bef73ce4505997f844db6699bb43b0ce6410a69723d4,"Approved by the product owner after listening review on 2026-08-09."
batch-002,lesson-2-mission-2,instruction,approved,approved,"Look at the sentence. Find the highlighted word, then say that word.","Tingnan ang pangungusap. Hanapin ang salitang naka-highlight, saka sabihin ang salitang iyon.",apps/api/storage/app/private/tts/staging/fil-PH-v1/sh-fil/lessons/lesson-2/mission-2/lesson-2-mission-2.wav,8.160,906cc4703c5433340fc9401916608371a2435c63b5ab823928a59d11d12c5d5a,"Approved by the product owner after listening review on 2026-08-09."
batch-002,lesson-2-complete,result,approved,approved,"Lesson two is complete. You are a Word Wizard.","Tapos na ang ikalawang aralin. Isa ka nang Word Wizard.",apps/api/storage/app/private/tts/staging/fil-PH-v1/sh-fil/lessons/lesson-2/completion/lesson-2-complete.wav,4.320,a9849438a0ba1df216f777a0af995ab2b9dcfb58d29981d0baba85a274b467b9,"Approved by the product owner after listening review on 2026-08-09."
batch-002,lesson-3-mission-1,instruction,approved,approved,"Read the phrase you see. Say all the words together.","Basahin ang pariralang nakikita mo. Sabihin nang magkakasama ang lahat ng salita.",apps/api/storage/app/private/tts/staging/fil-PH-v1/sh-fil/lessons/lesson-3/mission-1/lesson-3-mission-1.wav,5.280,b7b69f59eca0bf8406d19ce2cf2b5baf00defd865f9384a45b0514529c1ce703,"Approved by the product owner after listening review on 2026-08-09."
batch-002,lesson-3-complete,result,approved,approved,"Lesson three is complete. You are a Phrase Pro.","Tapos na ang ikatlong aralin. Isa ka nang Phrase Pro.",apps/api/storage/app/private/tts/staging/fil-PH-v1/sh-fil/lessons/lesson-3/completion/lesson-3-complete.wav,3.520,2d2132866c6fcd8b03f9f1a616b15d7860d9ef3b4a32f0059fe1f6aba9d4f561,"Approved by the product owner after listening review on 2026-08-09."
batch-002,lesson-4-mission-1,instruction,approved,approved,"Read the sentence you see. Say all the words from beginning to end.","Basahin ang pangungusap na nakikita mo. Sabihin ang lahat ng salita mula simula hanggang wakas.",apps/api/storage/app/private/tts/staging/fil-PH-v1/sh-fil/lessons/lesson-4/mission-1/lesson-4-mission-1.wav,7.360,d2292419fc61c11edc8ebf1e5822bdbe0a931d37b4833c60ad3a0b17e5c539e0,"Approved by the product owner after listening review on 2026-08-09."
batch-002,lesson-4-complete,result,approved,approved,"Lesson four is complete. You are a Sentence Star.","Tapos na ang ikaapat na aralin. Isa ka nang Sentence Star.",apps/api/storage/app/private/tts/staging/fil-PH-v1/sh-fil/lessons/lesson-4/completion/lesson-4-complete.wav,4.640,e905a5f8bd4060cab53bda2738dc7d4c76e26e09ef2bfb82cfc538089f302f07,"Approved by the product owner after listening review on 2026-08-09."
batch-002,lesson-5-mission-1,instruction,approved,approved,"Read the passage from beginning to end. Take your time and say every word.","Basahin ang teksto mula simula hanggang wakas. Huwag magmadali at sabihin ang bawat salita.",apps/api/storage/app/private/tts/staging/fil-PH-v1/sh-fil/lessons/lesson-5/mission-1/lesson-5-mission-1.wav,7.200,864dfd7fdc74a79d4e403644f0fb74ba21b88d620fd412f03d178231312174cf,"Approved by the product owner after listening review on 2026-08-09."
batch-002,lesson-5-complete,result,approved,approved,"Lesson five is complete. You are a Passage Explorer.","Tapos na ang ikalimang aralin. Isa ka nang Passage Explorer.",apps/api/storage/app/private/tts/staging/fil-PH-v1/sh-fil/lessons/lesson-5/completion/lesson-5-complete.wav,4.480,8f8a9d9f279596805d9ef8a660f0156c961730ac40d52d85ec6ebc2d9b1377ea,"Approved by the product owner after listening review on 2026-08-09."
batch-002,assessment-orientation,instruction,approved,approved,"Let us check your microphone. Say ready, then listen to your recording.","Suriin natin ang iyong mikropono. Sabihin ang ready, saka pakinggan ang iyong recording.",apps/api/storage/app/private/tts/staging/fil-PH-v1/sh-fil/part-1/orientation/assessment-orientation.wav,6.240,63d9b7517d130ed7b3e42f5317f41c67fec0f81d1d66331950fda434858ba278,"Approved by the product owner after listening review on 2026-08-09."
batch-002,assessment-letters,instruction,approved,approved,"Say the letter you see. Listen to your voice before you submit.","Sabihin ang letrang nakikita mo. Pakinggan ang iyong boses bago isumite.",apps/api/storage/app/private/tts/staging/fil-PH-v1/sh-fil/part-1/task-1a/assessment-letters.wav,5.440,147b53ad92f709539d85ab4160bce9d9bce3efe6716ae5ad8230c2a203e6ed4e,"Approved by the product owner after listening review on 2026-08-09."
batch-002,assessment-rhymes,question,approved,approved,"Look at both words. Choose yes if they rhyme, or no if they do not.","Tingnan ang dalawang salita. Piliin ang yes kung magkatugma ang tunog, o no kung hindi.",apps/api/storage/app/private/tts/staging/fil-PH-v1/sh-fil/part-1/task-2a/assessment-rhymes.wav,7.360,636243cb818aba942a9ef7645feb510de2ae4e574298489ad011689b69169fda,"Approved by the product owner after listening review on 2026-08-09."
batch-002,assessment-words,instruction,approved,approved,"Read the word you see. Listen to your voice before you submit.","Basahin ang salitang nakikita mo. Pakinggan ang iyong boses bago isumite.",apps/api/storage/app/private/tts/staging/fil-PH-v1/sh-fil/part-1/task-2b/assessment-words.wav,5.760,dab239d8e5713d1451df0a3f4b81f3763d5577da7eef01bb88c6a2aa8345699c,"Approved by the product owner after listening review on 2026-08-09."
batch-002,assessment-part-one-result,result,approved,approved,"Part one is complete. You worked hard, and I am proud of you.","Tapos na ang unang bahagi. Nagsikap ka, at ipinagmamalaki kita.",apps/api/storage/app/private/tts/staging/fil-PH-v1/sh-fil/part-1/results/assessment-part-one-result.wav,4.960,b868a344a5e8714dd2e6ed42abe6ac4baa7cbdc4cc3116a5d35ab539dc84f069,"Approved by the product owner after listening review on 2026-08-09."
batch-002,assessment-story-choice,question,approved,approved,"Choose the story you want to read. You can pick Lena at the Park or Rosa in the Garden.","Piliin ang kuwentong gusto mong basahin. Maaari mong piliin ang Lena at the Park o Rosa in the Garden.",apps/api/storage/app/private/tts/staging/fil-PH-v1/sh-fil/part-2/story-choice/assessment-story-choice.wav,6.560,ac408ffa63a949b9a60a7f80754c6b61eb200462bc3555644188fb08553ea549,"Approved by the product owner after listening review on 2026-08-09."
batch-002,assessment-passage,instruction,approved,approved,"Read the story aloud. You have one minute. You can submit when you finish.","Basahin nang malakas ang kuwento. Mayroon kang isang minuto. Maaari mo itong isumite kapag tapos ka na.",apps/api/storage/app/private/tts/staging/fil-PH-v1/sh-fil/part-2/passage/assessment-passage.wav,7.840,287d696206ca40902c7788d77f337b3a0e91c5072c465e4736bd85380309b94f,"Approved by the product owner after listening review on 2026-08-09."
batch-002,assessment-comprehension-lena-item-1,question,approved,approved,"Choose the best answer. Who goes to the park?","Piliin ang pinakamahusay na sagot. Sino ang pumupunta sa parke?",apps/api/storage/app/private/tts/staging/fil-PH-v1/sh-fil/part-2/comprehension/assessment-comprehension-lena-item-1.wav,4.320,7a5226b1557822db0229dd49055ba575e720eafb0a06a2e820e8208d51b1e823,"Approved by the product owner after listening review on 2026-08-09."
batch-002,assessment-comprehension-lena-item-2,question,approved,approved,"What does Lena take?","Ano ang dinadala ni Lena?",apps/api/storage/app/private/tts/staging/fil-PH-v1/sh-fil/part-2/comprehension/assessment-comprehension-lena-item-2.wav,2.080,e341ad9a40d3c33b7054d28db71b74a68fc93d5afd90bc0084ac5a95cb624667,"Approved by the product owner after listening review on 2026-08-09."
batch-002,assessment-comprehension-lena-item-3,question,approved,approved,"Where does Lena go?","Saan pumupunta si Lena?",apps/api/storage/app/private/tts/staging/fil-PH-v1/sh-fil/part-2/comprehension/assessment-comprehension-lena-item-3.wav,2.080,4e01b3446be0c5c6fa4f54a37c14ae5a4756d817f7e0451f4b5f09c93a7f2422,"Approved by the product owner after listening review on 2026-08-09."
batch-002,assessment-comprehension-lena-item-4,question,approved,approved,"When does Lena go to the park?","Kailan pumupunta si Lena sa parke?",apps/api/storage/app/private/tts/staging/fil-PH-v1/sh-fil/part-2/comprehension/assessment-comprehension-lena-item-4.wav,2.560,78eb0906d808da82902ffa4a7dc4cda31d0251cb6626899a35cdc0d4a080cf5e,"Approved by the product owner after listening review on 2026-08-09."
batch-002,assessment-comprehension-lena-item-5,question,approved,approved,"Why does Lena go to the park?","Bakit pumupunta si Lena sa parke?",apps/api/storage/app/private/tts/staging/fil-PH-v1/sh-fil/part-2/comprehension/assessment-comprehension-lena-item-5.wav,2.400,e33134ab548afa67d610ef2ab88a98b7689e00b0ba9f6ce93a35af88fcf03bae,"Approved by the product owner after listening review on 2026-08-09."
batch-002,assessment-comprehension-rosa-item-1,question,approved,approved,"Choose the best answer. Who goes to the garden?","Piliin ang pinakamahusay na sagot. Sino ang pumupunta sa hardin?",apps/api/storage/app/private/tts/staging/fil-PH-v1/sh-fil/part-2/comprehension/assessment-comprehension-rosa-item-1.wav,4.960,557459ff9905c28e1b32e267193f2f1793e6ffdd0c73679bba678a272a81c511,"Approved by the product owner after listening review on 2026-08-09."
batch-002,assessment-comprehension-rosa-item-2,question,approved,approved,"What does Rosa pick?","Ano ang pinipitas ni Rosa?",apps/api/storage/app/private/tts/staging/fil-PH-v1/sh-fil/part-2/comprehension/assessment-comprehension-rosa-item-2.wav,2.080,d5667ea10f19920169dd02f0eb2b2bfce42d967cb852b7ec868be28ada044da3,"Approved by the product owner after listening review on 2026-08-09."
batch-002,assessment-comprehension-rosa-item-3,question,approved,approved,"Where does Rosa go?","Saan pumupunta si Rosa?",apps/api/storage/app/private/tts/staging/fil-PH-v1/sh-fil/part-2/comprehension/assessment-comprehension-rosa-item-3.wav,2.240,64a4f392536a2ef5ed688f5e8784dcf5cc50ef5d5cd6465981ea5f8efbe0b4a8,"Approved by the product owner after listening review on 2026-08-09."
batch-002,assessment-comprehension-rosa-item-4,question,approved,approved,"When does Rosa go to the garden?","Kailan pumupunta si Rosa sa hardin?",apps/api/storage/app/private/tts/staging/fil-PH-v1/sh-fil/part-2/comprehension/assessment-comprehension-rosa-item-4.wav,2.400,2a62cc52ce8aec31103cfea832920ec05e46a14aa0eaae0f2605c2d6b9109b18,"Approved by the product owner after listening review on 2026-08-09."
batch-002,assessment-comprehension-rosa-item-5,question,approved,approved,"Why does Rosa go to the garden?","Bakit pumupunta si Rosa sa hardin?",apps/api/storage/app/private/tts/staging/fil-PH-v1/sh-fil/part-2/comprehension/assessment-comprehension-rosa-item-5.wav,2.880,4170a1de90ee3de9510fdc777799f3343b07603373976c9c849f2fae1ba1e41e,"Approved by the product owner after listening review on 2026-08-09."
batch-002,assessment-part-two-result,result,approved,approved,"Part two is complete. You finished reading and understanding the story.","Tapos na ang ikalawang bahagi. Natapos mong basahin at unawain ang kuwento.",apps/api/storage/app/private/tts/staging/fil-PH-v1/sh-fil/part-2/results/assessment-part-two-result.wav,6.080,a346d4a3707114f934dd59ab13e44c6f77ed3d42fcc5e4036f835dc75d208696,"Approved by the product owner after listening review on 2026-08-09."
batch-002,assessment-complete,result,approved,approved,"Assessment complete. Your first lesson is ready.","Tapos na ang assessment. Handa na ang una mong aralin.",apps/api/storage/app/private/tts/staging/fil-PH-v1/sh-fil/completion/assessment-complete.wav,4.320,4889bcebbbe2c9ec100970ac1333b168f1195f2f00775b32adf66ccdc211f46a,"Approved by the product owner after listening review on 2026-08-09."
batch-002,assessment-final-complete,result,approved,approved,"You finished your Reading Journey. I am proud of how much you learned.","Natapos mo ang iyong Reading Journey. Ipinagmamalaki ko ang lahat ng natutuhan mo.",apps/api/storage/app/private/tts/staging/fil-PH-v1/sh-fil/completion/assessment-final-complete.wav,5.760,880feeb3533be5a1b8e7cb10ad19c8849f7c544f1cd4c3fe1f696ca50f9d063c,"Approved by the product owner after listening review on 2026-08-09."
batch-002,lesson-1-mission-1-item-2,instruction,approved,approved,"Now, try the second letter.","Ngayon, subukan ang ikalawang letra.",apps/api/storage/app/private/tts/staging/fil-PH-v1/sh-fil/lessons/lesson-1/mission-1/lesson-1-mission-1-item-2.wav,3.200,e3a8ac2ed37e7c27b728bf09f3281411edc1a90ce8a09396be844422e1376089,"Approved by the product owner after listening review on 2026-08-09."
batch-002,lesson-1-mission-1-item-3,instruction,approved,approved,"Now, try the third letter.","Ngayon, subukan ang ikatlong letra.",apps/api/storage/app/private/tts/staging/fil-PH-v1/sh-fil/lessons/lesson-1/mission-1/lesson-1-mission-1-item-3.wav,3.040,1d1c0125c1e3a1f82952142371ce40542c9916121cde218888a2f98e5c88ce4a,"Approved by the product owner after listening review on 2026-08-09."
batch-002,lesson-1-mission-1-item-4,instruction,approved,approved,"Now, try the fourth letter.","Ngayon, subukan ang ikaapat letra.",apps/api/storage/app/private/tts/staging/fil-PH-v1/sh-fil/lessons/lesson-1/mission-1/lesson-1-mission-1-item-4.wav,2.400,cddc846e4b7c1ca6abbc5c416b77788e6d70038a108a347fe20f987a1e170b76,"Approved by the product owner after listening review on 2026-08-09."
batch-002,lesson-1-mission-1-item-5,instruction,approved,approved,"Now, try the fifth letter.","Ngayon, subukan ang ikalimang letra.",apps/api/storage/app/private/tts/staging/fil-PH-v1/sh-fil/lessons/lesson-1/mission-1/lesson-1-mission-1-item-5.wav,3.520,23a25213ceb4f6154c45b1899d9d6a3a33507be89c8e824ed1adefa7b4babe12,"Approved by the product owner after listening review on 2026-08-09."
batch-002,lesson-1-mission-2-item-2,instruction,approved,approved,"Now, find the first letter in the second word.","Ngayon, hanapin ang unang letra sa ikalawang salita.",apps/api/storage/app/private/tts/staging/fil-PH-v1/sh-fil/lessons/lesson-1/mission-2/lesson-1-mission-2-item-2.wav,4.960,d56b201618e76e9eac33cb6b74561126b7a986659374958693839b5c3915b9b9,"Approved by the product owner after listening review on 2026-08-09."
batch-002,lesson-1-mission-2-item-3,instruction,approved,approved,"Now, find the first letter in the third word.","Ngayon, hanapin ang unang letra sa ikatlong salita.",apps/api/storage/app/private/tts/staging/fil-PH-v1/sh-fil/lessons/lesson-1/mission-2/lesson-1-mission-2-item-3.wav,4.160,64fa6b00dab7024c7ce3876c9bf92b6c836ce8b9082871660b1ae54db843a3cb,"Approved by the product owner after listening review on 2026-08-09."
batch-002,lesson-1-mission-2-item-4,instruction,approved,approved,"Now, find the first letter in the fourth word.","Ngayon, hanapin ang unang letra sa ikaapat salita.",apps/api/storage/app/private/tts/staging/fil-PH-v1/sh-fil/lessons/lesson-1/mission-2/lesson-1-mission-2-item-4.wav,3.680,c22b80a4f49f8f8ddddb953863958a2037121052a44530aa7467bd8b6613b28c,"Approved by the product owner after listening review on 2026-08-09."
batch-002,lesson-1-mission-2-item-5,instruction,approved,approved,"Now, find the first letter in the fifth word.","Ngayon, hanapin ang unang letra sa ikalimang salita.",apps/api/storage/app/private/tts/staging/fil-PH-v1/sh-fil/lessons/lesson-1/mission-2/lesson-1-mission-2-item-5.wav,4.480,c711d1390e1044faa9b1e77563a3099afd65c09254bd5f4fd4dd2413894c2aee,"Approved by the product owner after listening review on 2026-08-09."
batch-002,lesson-1-mission-3-item-2,instruction,approved,approved,"Now, complete the second word.","Ngayon, kumpletuhin ang ikalawang salita.",apps/api/storage/app/private/tts/staging/fil-PH-v1/sh-fil/lessons/lesson-1/mission-3/lesson-1-mission-3-item-2.wav,3.360,fd84695fa336d27c9dd4bce399cb53cf2ab73fa4af22a056a1b472d774c131a9,"Approved by the product owner after listening review on 2026-08-09."
batch-002,lesson-1-mission-3-item-3,instruction,approved,approved,"Now, complete the third word.","Ngayon, kumpletuhin ang ikatlong salita.",apps/api/storage/app/private/tts/staging/fil-PH-v1/sh-fil/lessons/lesson-1/mission-3/lesson-1-mission-3-item-3.wav,2.240,0a4955ea59c6dac5de2060bb7b521f081e962ec4a6f4c1845ac1b751ca0b5eff,"Approved by the product owner after listening review on 2026-08-09."
batch-002,lesson-1-mission-3-item-4,instruction,approved,approved,"Now, complete the fourth word.","Ngayon, kumpletuhin ang ikaapat salita.",apps/api/storage/app/private/tts/staging/fil-PH-v1/sh-fil/lessons/lesson-1/mission-3/lesson-1-mission-3-item-4.wav,3.360,4dd2f7543999c66409e2713fff20f4fa9d451cd3baffeafe88fa6e152e9279a4,"Approved by the product owner after listening review on 2026-08-09."
batch-002,lesson-1-mission-3-item-5,instruction,approved,approved,"Now, complete the fifth word.","Ngayon, kumpletuhin ang ikalimang salita.",apps/api/storage/app/private/tts/staging/fil-PH-v1/sh-fil/lessons/lesson-1/mission-3/lesson-1-mission-3-item-5.wav,3.360,78f29ae9a57248d97a25ea26e3277eb5b791195b133ee52321bf57cd51bf07b0,"Approved by the product owner after listening review on 2026-08-09."
batch-002,lesson-1-technical-retry,instruction,approved,approved,"I could not hear that clearly. Let us try once more.","Hindi ko iyon narinig nang malinaw. Subukan natin muli.",apps/api/storage/app/private/tts/staging/fil-PH-v1/sh-fil/lessons/lesson-1/support/technical/lesson-1-technical-retry.wav,3.200,108034ffa0dd5faf09f67b913f54b134a5877258b6221a963e4ca9755730cfcc,"Approved by the product owner after listening review on 2026-08-09."
batch-002,lesson-1-clue-mission-1,instruction,approved,approved,"Look at the big letter and the small letter. They share one letter name.","Tingnan ang malaking letra at maliit na letra. Iisa ang pangalan ng mga ito.",apps/api/storage/app/private/tts/staging/fil-PH-v1/sh-fil/lessons/lesson-1/support/clues/lesson-1-clue-mission-1.wav,6.880,00068cd2f9727e6f57719fa15c6fb842df7809dea478ac4b1e2d1e17af2f0dd3,"Approved by the product owner after listening review on 2026-08-09."
batch-002,lesson-1-clue-mission-2,instruction,approved,approved,"Look at the very first letter in the word. Say only that letter name.","Tingnan ang pinakaunang letra ng salita. Pangalan lamang ng letrang iyon ang sabihin.",apps/api/storage/app/private/tts/staging/fil-PH-v1/sh-fil/lessons/lesson-1/support/clues/lesson-1-clue-mission-2.wav,5.920,f208e2bf57fe7e68ddeeedc9c70a761fed0fb5bf2932f2e45258065eaa810d15,"Approved by the product owner after listening review on 2026-08-09."
batch-002,lesson-1-clue-mission-3,instruction,approved,approved,"Look at the blank at the start. Say the letter that completes the word.","Tingnan ang patlang sa unahan. Sabihin ang letrang kukumpleto sa salita.",apps/api/storage/app/private/tts/staging/fil-PH-v1/sh-fil/lessons/lesson-1/support/clues/lesson-1-clue-mission-3.wav,4.800,dc4e8706bee101573926bbfccf549ff37c54aeaad1ebeb9057561fa7a84e5747,"Approved by the product owner after listening review on 2026-08-09."
batch-002,lesson-1-feedback-independent,result,approved,approved,"That is correct. You found it by yourself.","Tama. Nahanap mo ito nang mag-isa.",apps/api/storage/app/private/tts/staging/fil-PH-v1/sh-fil/lessons/lesson-1/support/feedback/lesson-1-feedback-independent.wav,3.360,9787dd75938e44053c55261b7465b3e0cc9954bb5da902489d12970a71132dfc,"Approved by the product owner after listening review on 2026-08-09."
batch-002,lesson-1-feedback-supported,result,approved,approved,"That is correct. The clue helped you find it.","Tama. Nakatulong ang clue para mahanap mo ito.",apps/api/storage/app/private/tts/staging/fil-PH-v1/sh-fil/lessons/lesson-1/support/feedback/lesson-1-feedback-supported.wav,3.520,0df55c66279867c0b2f6471c10080fd67a562508619da31f3dff9c1f2e82244f,"Approved by the product owner after listening review on 2026-08-09."
batch-002,lesson-1-feedback-demonstrated,result,approved,approved,"That is correct. You said the letter correctly with me.","Tama. Nasabi mo nang tama ang letra kasabay ko.",apps/api/storage/app/private/tts/staging/fil-PH-v1/sh-fil/lessons/lesson-1/support/feedback/lesson-1-feedback-demonstrated.wav,4.800,76778227f657050e35b5da8714ab740269a800dd64c7cdd0779adc96fc6cce2a,"Approved by the product owner after listening review on 2026-08-09."
batch-002,lesson-1-feedback-not-yet,result,approved,approved,"Not yet, and that is okay. We will practice this letter again.","Hindi pa, at ayos lang iyon. Magsanay tayong muli sa letrang ito.",apps/api/storage/app/private/tts/staging/fil-PH-v1/sh-fil/lessons/lesson-1/support/feedback/lesson-1-feedback-not-yet.wav,5.600,d6c95d5cd8ae6f706f81d5387bcb7bb8c766a3c2e680eb5cdc7a24a110e8760b,"Approved by the product owner after listening review on 2026-08-09."
batch-002,lesson-1-feedback-unscorable,result,approved,approved,"I still could not hear a clear answer. We can try this letter again later.","Hindi pa rin ako nakarinig ng malinaw na sagot. Maaari nating balikan ang letrang ito mamaya.",apps/api/storage/app/private/tts/staging/fil-PH-v1/sh-fil/lessons/lesson-1/support/feedback/lesson-1-feedback-unscorable.wav,6.400,e7a609f612a26c16a244f4b20db1c391497ada070f9cd24d182b25da8aabaf4a,"Approved by the product owner after listening review on 2026-08-09."
batch-002,lesson-1-feedback-incorrect-first,result,approved,approved,"That letter was not quite right. Let us try again.","Hindi pa gaanong tama ang letrang iyon. Subukan natin muli.",apps/api/storage/app/private/tts/staging/fil-PH-v1/sh-fil/lessons/lesson-1/support/feedback/lesson-1-feedback-incorrect-first.wav,4.800,f4288c0424d41460530ac111a2913cd12d40edd9932610f36942262aee7267e5,"Approved by the product owner after listening review on 2026-08-09."
batch-002,lesson-1-letter-demo-A,instruction,approved,approved,"The letter name is ei. Listen: ei. Now you try.","Ang pangalan ng letra ay ei. Makinig: ei. Ngayon, ikaw naman.",apps/api/storage/app/private/tts/staging/fil-PH-v1/sh-fil/lessons/lesson-1/support/demonstrations/lesson-1-letter-demo-A.wav,6.080,5a3675c0e8edf7420344c778b6768d387d0ae360b2e41eb1bcb5af1557fb5d70,"Approved by the product owner after listening review on 2026-08-09."
batch-002,lesson-1-letter-demo-B,instruction,approved,approved,"The letter name is bee. Listen: bee. Now you try.","Ang pangalan ng letra ay bee. Makinig: bee. Ngayon, ikaw naman.",apps/api/storage/app/private/tts/staging/fil-PH-v1/sh-fil/lessons/lesson-1/support/demonstrations/lesson-1-letter-demo-B.wav,7.520,7224cfeb941fc2330097ccf48b423fe53d47e312220d631effa7bcc019b6d8e9,"Approved by the product owner after listening review on 2026-08-09."
batch-002,lesson-1-letter-demo-C,instruction,approved,approved,"The letter name is see. Listen: see. Now you try.","Ang pangalan ng letra ay see. Makinig: see. Ngayon, ikaw naman.",apps/api/storage/app/private/tts/staging/fil-PH-v1/sh-fil/lessons/lesson-1/support/demonstrations/lesson-1-letter-demo-C.wav,7.040,96b5435e53aede8119232c1f9a69731584306f3c4942a7a8f3fc864f459d0a2e,"Approved by the product owner after listening review on 2026-08-09."
batch-002,lesson-1-letter-demo-D,instruction,approved,approved,"The letter name is dee. Listen: dee. Now you try.","Ang pangalan ng letra ay dee. Makinig: dee. Ngayon, ikaw naman.",apps/api/storage/app/private/tts/staging/fil-PH-v1/sh-fil/lessons/lesson-1/support/demonstrations/lesson-1-letter-demo-D.wav,7.200,d09589ad75ec96ca9372eee7e57f19dfc0c3575dc8b30369dd4c33cf8419b129,"Approved by the product owner after listening review on 2026-08-09."
batch-002,lesson-1-letter-demo-E,instruction,approved,approved,"The letter name is ee. Listen: ee. Now you try.","Ang pangalan ng letra ay ee. Makinig: ee. Ngayon, ikaw naman.",apps/api/storage/app/private/tts/staging/fil-PH-v1/sh-fil/lessons/lesson-1/support/demonstrations/lesson-1-letter-demo-E.wav,6.560,e24a612e7984cff191aa3a0068dbb04f62e0671e35a4d883a9bde21b5a941683,"Approved by the product owner after listening review on 2026-08-09."
batch-002,lesson-1-letter-demo-F,instruction,approved,approved,"The letter name is eff. Listen: eff. Now you try.","Ang pangalan ng letra ay eff. Makinig: eff. Ngayon, ikaw naman.",apps/api/storage/app/private/tts/staging/fil-PH-v1/sh-fil/lessons/lesson-1/support/demonstrations/lesson-1-letter-demo-F.wav,6.400,be43bd2dce66e08abb75dbcae9cdef2602c043a24faebdf7ff11c8a3daf525cf,"Approved by the product owner after listening review on 2026-08-09."
batch-002,lesson-1-letter-demo-G,instruction,approved,approved,"The letter name is gee. Listen: gee. Now you try.","Ang pangalan ng letra ay gee. Makinig: gee. Ngayon, ikaw naman.",apps/api/storage/app/private/tts/staging/fil-PH-v1/sh-fil/lessons/lesson-1/support/demonstrations/lesson-1-letter-demo-G.wav,6.880,4c765e6bfd9bb359bb6afbbc930769d18e5407a52286195c3c25d9db164c478f,"Approved by the product owner after listening review on 2026-08-09."
batch-002,lesson-1-letter-demo-H,instruction,approved,approved,"The letter name is aitch. Listen: aitch. Now you try.","Ang pangalan ng letra ay aitch. Makinig: aitch. Ngayon, ikaw naman.",apps/api/storage/app/private/tts/staging/fil-PH-v1/sh-fil/lessons/lesson-1/support/demonstrations/lesson-1-letter-demo-H.wav,6.560,f429ddb2cc01de06a3da4cfb743d1d3c2228ed4dc342996c2806c1979e34592a,"Approved by the product owner after listening review on 2026-08-09."
batch-002,lesson-1-letter-demo-I,instruction,approved,approved,"The letter name is eye. Listen: eye. Now you try.","Ang pangalan ng letra ay eye. Makinig: eye. Ngayon, ikaw naman.",apps/api/storage/app/private/tts/staging/fil-PH-v1/sh-fil/lessons/lesson-1/support/demonstrations/lesson-1-letter-demo-I.wav,6.080,726fda54bc9cc6d47bc438b9cf472e8eded8f83f1c211d14f7d10ecb20e51633,"Approved by the product owner after listening review on 2026-08-09."
batch-002,lesson-1-letter-demo-J,instruction,approved,approved,"The letter name is jay. Listen: jay. Now you try.","Ang pangalan ng letra ay jay. Makinig: jay. Ngayon, ikaw naman.",apps/api/storage/app/private/tts/staging/fil-PH-v1/sh-fil/lessons/lesson-1/support/demonstrations/lesson-1-letter-demo-J.wav,5.920,7b59898a5650f0902b6dc050aa6c785ff86d6d0fb0684de0ae3b187a4b2a2622,"Approved by the product owner after listening review on 2026-08-09."
batch-002,lesson-1-letter-demo-K,instruction,approved,approved,"The letter name is kei. Listen: kei. Now you try.","Ang pangalan ng letra ay kei. Makinig: kei. Ngayon, ikaw naman.",apps/api/storage/app/private/tts/staging/fil-PH-v1/sh-fil/lessons/lesson-1/support/demonstrations/lesson-1-letter-demo-K.wav,5.760,46d32a44c56f639bc204d3df6db5377ae17147d7cafadf52112d3737ea025b7c,"Approved by the product owner after listening review on 2026-08-09."
batch-002,lesson-1-letter-demo-L,instruction,approved,approved,"The letter name is el. Listen: el. Now you try.","Ang pangalan ng letra ay el. Makinig: el. Ngayon, ikaw naman.",apps/api/storage/app/private/tts/staging/fil-PH-v1/sh-fil/lessons/lesson-1/support/demonstrations/lesson-1-letter-demo-L.wav,4.800,a363f380a5ad9c4d04250b3d177650faf81edb470f4f8a0e82ad5e29151f09e7,"Approved by the product owner after listening review on 2026-08-09."
batch-002,lesson-1-letter-demo-M,instruction,approved,approved,"The letter name is em. Listen: em. Now you try.","Ang pangalan ng letra ay em. Makinig: em. Ngayon, ikaw naman.",apps/api/storage/app/private/tts/staging/fil-PH-v1/sh-fil/lessons/lesson-1/support/demonstrations/lesson-1-letter-demo-M.wav,5.920,570464e7e24489f7e51bf5c8dc9e6b82429e486fcfdaa17b72d2693125df467f,"Approved by the product owner after listening review on 2026-08-09."
batch-002,lesson-1-letter-demo-N,instruction,approved,approved,"The letter name is en. Listen: en. Now you try.","Ang pangalan ng letra ay en. Makinig: en. Ngayon, ikaw naman.",apps/api/storage/app/private/tts/staging/fil-PH-v1/sh-fil/lessons/lesson-1/support/demonstrations/lesson-1-letter-demo-N.wav,6.240,30467a63614cc316548eb728a1a0814e46b27d9e14c16ef873b2fa48ddf47687,"Approved by the product owner after listening review on 2026-08-09."
batch-002,lesson-1-letter-demo-O,instruction,approved,approved,"The letter name is oh. Listen: oh. Now you try.","Ang pangalan ng letra ay oh. Makinig: oh. Ngayon, ikaw naman.",apps/api/storage/app/private/tts/staging/fil-PH-v1/sh-fil/lessons/lesson-1/support/demonstrations/lesson-1-letter-demo-O.wav,5.760,44a51ef473b8c37255c1982355865afd750c4c9c6907d7af207c0ca8105cebcc,"Approved by the product owner after listening review on 2026-08-09."
batch-002,lesson-1-letter-demo-P,instruction,approved,approved,"The letter name is pee. Listen: pee. Now you try.","Ang pangalan ng letra ay pee. Makinig: pee. Ngayon, ikaw naman.",apps/api/storage/app/private/tts/staging/fil-PH-v1/sh-fil/lessons/lesson-1/support/demonstrations/lesson-1-letter-demo-P.wav,5.440,a657becac954e0e66c51105dfd66f745a021f5e4cc3fa8195ced4beb9a492b86,"Approved by the product owner after listening review on 2026-08-09."
batch-002,lesson-1-letter-demo-Q,instruction,approved,approved,"The letter name is cue. Listen: cue. Now you try.","Ang pangalan ng letra ay cue. Makinig: cue. Ngayon, ikaw naman.",apps/api/storage/app/private/tts/staging/fil-PH-v1/sh-fil/lessons/lesson-1/support/demonstrations/lesson-1-letter-demo-Q.wav,6.880,1e0158369b9547f2110073b56316432f08edf455ff2dca07908ed135aacca6f8,"Approved by the product owner after listening review on 2026-08-09."
batch-002,lesson-1-letter-demo-R,instruction,approved,approved,"The letter name is ar. Listen: ar. Now you try.","Ang pangalan ng letra ay ar. Makinig: ar. Ngayon, ikaw naman.",apps/api/storage/app/private/tts/staging/fil-PH-v1/sh-fil/lessons/lesson-1/support/demonstrations/lesson-1-letter-demo-R.wav,5.600,9e9b4025098d925938751fcda1706c27e4c8e73f948a3044f377d94a7662dcce,"Approved by the product owner after listening review on 2026-08-09."
batch-002,lesson-1-letter-demo-S,instruction,approved,approved,"The letter name is ess. Listen: ess. Now you try.","Ang pangalan ng letra ay ess. Makinig: ess. Ngayon, ikaw naman.",apps/api/storage/app/private/tts/staging/fil-PH-v1/sh-fil/lessons/lesson-1/support/demonstrations/lesson-1-letter-demo-S.wav,8.000,1ab50db351d5d854a9d15b7f768dca54cae0305c65e88f7b0e093a5fc83ad5c2,"Approved by the product owner after listening review on 2026-08-09."
batch-002,lesson-1-letter-demo-T,instruction,approved,approved,"The letter name is tee. Listen: tee. Now you try.","Ang pangalan ng letra ay tee. Makinig: tee. Ngayon, ikaw naman.",apps/api/storage/app/private/tts/staging/fil-PH-v1/sh-fil/lessons/lesson-1/support/demonstrations/lesson-1-letter-demo-T.wav,5.760,63925d0390d63bab473f31851cbeb46d9affc433077c51fbeea72f5560cd637d,"Approved by the product owner after listening review on 2026-08-09."
batch-002,lesson-1-letter-demo-U,instruction,approved,approved,"The letter name is you. Listen: you. Now you try.","Ang pangalan ng letra ay you. Makinig: you. Ngayon, ikaw naman.",apps/api/storage/app/private/tts/staging/fil-PH-v1/sh-fil/lessons/lesson-1/support/demonstrations/lesson-1-letter-demo-U.wav,6.400,a987de022db24c45ddf4e76d7bf661ddfebb2134f5f692a3b2b8ae9d3107a05c,"Approved by the product owner after listening review on 2026-08-09."
batch-002,lesson-1-letter-demo-V,instruction,approved,approved,"The letter name is vee. Listen: vee. Now you try.","Ang pangalan ng letra ay vee. Makinig: vee. Ngayon, ikaw naman.",apps/api/storage/app/private/tts/staging/fil-PH-v1/sh-fil/lessons/lesson-1/support/demonstrations/lesson-1-letter-demo-V.wav,5.440,58d64971414e56f216f694671da1a290fb5f3fce07fed3bfed4dce9d7f1726b1,"Approved by the product owner after listening review on 2026-08-09."
batch-002,lesson-1-letter-demo-W,instruction,approved,approved,"The letter name is double you. Listen: double you. Now you try.","Ang pangalan ng letra ay double you. Makinig: double you. Ngayon, ikaw naman.",apps/api/storage/app/private/tts/staging/fil-PH-v1/sh-fil/lessons/lesson-1/support/demonstrations/lesson-1-letter-demo-W.wav,8.640,03fabadc9419579a3f991d4b377efbb1f087b31e8f62055a94a31f21c718b435,"Approved by the product owner after listening review on 2026-08-09."
batch-002,lesson-1-letter-demo-X,instruction,approved,approved,"The letter name is ex. Listen: ex. Now you try.","Ang pangalan ng letra ay ex. Makinig: ex. Ngayon, ikaw naman.",apps/api/storage/app/private/tts/staging/fil-PH-v1/sh-fil/lessons/lesson-1/support/demonstrations/lesson-1-letter-demo-X.wav,7.040,8f805d8e8d2a4f2d467d7a3631b1fcff483c609116dbfdc4b69572fa6c6ab3da,"Approved by the product owner after listening review on 2026-08-09."
batch-002,lesson-1-letter-demo-Y,instruction,approved,approved,"The letter name is why. Listen: why. Now you try.","Ang pangalan ng letra ay why. Makinig: why. Ngayon, ikaw naman.",apps/api/storage/app/private/tts/staging/fil-PH-v1/sh-fil/lessons/lesson-1/support/demonstrations/lesson-1-letter-demo-Y.wav,6.080,c68c616a11cdba8002d30bef8993b0b84160173fd4551781c6e7bd20e004c13e,"Approved by the product owner after listening review on 2026-08-09."
batch-002,lesson-1-letter-demo-Z,instruction,approved,approved,"The letter name is zee. Listen: zee. Now you try.","Ang pangalan ng letra ay zee. Makinig: zee. Ngayon, ikaw naman.",apps/api/storage/app/private/tts/staging/fil-PH-v1/sh-fil/lessons/lesson-1/support/demonstrations/lesson-1-letter-demo-Z.wav,7.200,2f389854738299a61da1dd6a9d0f8c8ad4056b2e5ddd2c3f282a77c8015193eb,"Approved by the product owner after listening review on 2026-08-09."
batch-002,lesson-2-mission-1-item-2,instruction,approved,approved,"Now, read the second word.","Ngayon, basahin ang ikalawang salita.",apps/api/storage/app/private/tts/staging/fil-PH-v1/sh-fil/lessons/lesson-2/mission-1/lesson-2-mission-1-item-2.wav,2.880,1c6a2249f3482bee0d1ebabe4ec21f454f7108232081b86463cf47c7273e9839,"Approved by the product owner after listening review on 2026-08-09."
batch-002,lesson-2-mission-1-item-3,instruction,approved,approved,"Now, read the third word.","Ngayon, basahin ang ikatlong salita.",apps/api/storage/app/private/tts/staging/fil-PH-v1/sh-fil/lessons/lesson-2/mission-1/lesson-2-mission-1-item-3.wav,3.200,2bb2aaf0db89efbe0935219c4ada4433a104e2b9b5c0cec8bba2c62dbd3aab20,"Approved by the product owner after listening review on 2026-08-09."
batch-002,lesson-2-mission-1-item-4,instruction,approved,approved,"Now, read the fourth word.","Ngayon, basahin ang ikaapat salita.",apps/api/storage/app/private/tts/staging/fil-PH-v1/sh-fil/lessons/lesson-2/mission-1/lesson-2-mission-1-item-4.wav,2.880,f4c1ddf40cdeb9db29b41f222f43a5fa76a41af504ba2b8ac153d572ac70fcc1,"Approved by the product owner after listening review on 2026-08-09."
batch-002,lesson-2-mission-1-item-5,instruction,approved,approved,"Now, read the fifth word.","Ngayon, basahin ang ikalimang salita.",apps/api/storage/app/private/tts/staging/fil-PH-v1/sh-fil/lessons/lesson-2/mission-1/lesson-2-mission-1-item-5.wav,3.200,6e7e9a6d0d37b5baa632e4c0ea753544383434cb3f8c0d79bd29c2bb6e19e1a1,"Approved by the product owner after listening review on 2026-08-09."
batch-002,lesson-2-mission-2-item-2,instruction,approved,approved,"Now, find and read the second highlighted word.","Ngayon, hanapin at basahin ang ikalawang salitang naka-highlight.",apps/api/storage/app/private/tts/staging/fil-PH-v1/sh-fil/lessons/lesson-2/mission-2/lesson-2-mission-2-item-2.wav,3.840,3514e8f260bdae1907a3f86b683a9875eab87d63c04d64cef688cf03bbd1aa9f,"Approved by the product owner after listening review on 2026-08-09."
batch-002,lesson-2-mission-2-item-3,instruction,approved,approved,"Now, find and read the third highlighted word.","Ngayon, hanapin at basahin ang ikatlong salitang naka-highlight.",apps/api/storage/app/private/tts/staging/fil-PH-v1/sh-fil/lessons/lesson-2/mission-2/lesson-2-mission-2-item-3.wav,4.320,fa8cc326b3ff837f1a913fd762cdfc81690d8f3e05313e88780c66ba4fb1929e,"Approved by the product owner after listening review on 2026-08-09."
batch-002,lesson-2-mission-2-item-4,instruction,approved,approved,"Now, find and read the fourth highlighted word.","Ngayon, hanapin at basahin ang ikaapat salitang naka-highlight.",apps/api/storage/app/private/tts/staging/fil-PH-v1/sh-fil/lessons/lesson-2/mission-2/lesson-2-mission-2-item-4.wav,4.000,aff8425c5771da68e1d81bd3055d36694b7f16883a3e00a0d1ed0faf971db9b1,"Approved by the product owner after listening review on 2026-08-09."
batch-002,lesson-2-mission-2-item-5,instruction,approved,approved,"Now, find and read the fifth highlighted word.","Ngayon, hanapin at basahin ang ikalimang salitang naka-highlight.",apps/api/storage/app/private/tts/staging/fil-PH-v1/sh-fil/lessons/lesson-2/mission-2/lesson-2-mission-2-item-5.wav,5.120,bd9db43f09665a53c4abdc93275f78b46aeee6670c01435ab2f6adcd29e5fce6,"Approved by the product owner after listening review on 2026-08-09."
batch-002,lesson-2-technical-retry,instruction,approved,approved,"I could not hear that clearly. Let us try the word once more.","Hindi ko iyon narinig nang malinaw. Subukan nating muli ang salita.",apps/api/storage/app/private/tts/staging/fil-PH-v1/sh-fil/lessons/lesson-2/support/technical/lesson-2-technical-retry.wav,5.280,0b3dcc0b5de75b2041ce0d680300d818727816381422ad0eec6a97b74c92868e,"Approved by the product owner after listening review on 2026-08-09."
batch-002,lesson-2-clue-mission-1,instruction,approved,approved,"Look at each letter from left to right. Blend the sounds, then say the whole word.","Tingnan ang bawat letra mula kaliwa pakanan. Pagsamahin ang mga tunog, saka sabihin ang buong salita.",apps/api/storage/app/private/tts/staging/fil-PH-v1/sh-fil/lessons/lesson-2/support/clues/lesson-2-clue-mission-1.wav,7.840,554610b0d2b8b0864d11489b5742fa1842e18e89c8ebc51a091fc48216379cf5,"Approved by the product owner after listening review on 2026-08-09."
batch-002,lesson-2-clue-mission-2,instruction,approved,approved,"Look at the highlighted word in the sentence. Say only that word.","Tingnan ang salitang naka-highlight sa pangungusap. Ang salitang iyon lamang ang sabihin.",apps/api/storage/app/private/tts/staging/fil-PH-v1/sh-fil/lessons/lesson-2/support/clues/lesson-2-clue-mission-2.wav,5.440,ee1115037ced4977720929f7e4f7f3b3a88445634951527efe6f674279c755c4,"Approved by the product owner after listening review on 2026-08-09."
batch-002,lesson-2-feedback-independent,result,approved,approved,"That is correct. You read the word by yourself.","Tama. Nabasa mo ang salita nang mag-isa.",apps/api/storage/app/private/tts/staging/fil-PH-v1/sh-fil/lessons/lesson-2/support/feedback/lesson-2-feedback-independent.wav,3.520,6870a24c97dc5b43bd3ec3e9e9703f0fc9ca0673c49b2c151559eb81e0329f0c,"Approved by the product owner after listening review on 2026-08-09."
batch-002,lesson-2-feedback-supported,result,approved,approved,"That is correct. The clue helped you read the word.","Tama. Nakatulong ang clue para mabasa mo ang salita.",apps/api/storage/app/private/tts/staging/fil-PH-v1/sh-fil/lessons/lesson-2/support/feedback/lesson-2-feedback-supported.wav,4.320,47547f1f08f791738d2f47357bcca96c48fc25efa649daa0fc6583fd858b43e4,"Approved by the product owner after listening review on 2026-08-09."
batch-002,lesson-2-feedback-demonstrated,result,approved,approved,"That is correct. You read the word correctly with me.","Tama. Nabasa mo nang tama ang salita kasabay ko.",apps/api/storage/app/private/tts/staging/fil-PH-v1/sh-fil/lessons/lesson-2/support/feedback/lesson-2-feedback-demonstrated.wav,4.320,2eb28a37dc2b054f0a738ea767c26ff9f12b9f1d2cdc62170629f00062c921f0,"Approved by the product owner after listening review on 2026-08-09."
batch-002,lesson-2-feedback-not-yet,result,approved,approved,"Not yet, and that is okay. We will practice this word again.","Hindi pa, at ayos lang iyon. Magsanay tayong muli sa salitang ito.",apps/api/storage/app/private/tts/staging/fil-PH-v1/sh-fil/lessons/lesson-2/support/feedback/lesson-2-feedback-not-yet.wav,6.080,6f1378019d7b4f9d2c9fdae425a7b9865083498f91eb612030b65f57c4b6c2fb,"Approved by the product owner after listening review on 2026-08-09."
batch-002,lesson-2-feedback-unscorable,result,approved,approved,"I still could not hear a clear answer. We can try this word again later.","Hindi pa rin ako nakarinig ng malinaw na sagot. Maaari nating balikan ang salitang ito mamaya.",apps/api/storage/app/private/tts/staging/fil-PH-v1/sh-fil/lessons/lesson-2/support/feedback/lesson-2-feedback-unscorable.wav,5.920,9c5b1f52828292cd3722c193fcbdca86d840ee06bced97458efc22afc32dee71,"Approved by the product owner after listening review on 2026-08-09."
batch-002,lesson-2-feedback-incorrect-first,result,approved,approved,"That word was not quite right. Let us try again.","Hindi pa gaanong tama ang salitang iyon. Subukan natin muli.",apps/api/storage/app/private/tts/staging/fil-PH-v1/sh-fil/lessons/lesson-2/support/feedback/lesson-2-feedback-incorrect-first.wav,4.800,f3cbc9315ccad319ed92d691ea1b4b9204b498681173dec979ad9b324e2d7c51,"Approved by the product owner after listening review on 2026-08-09."
batch-002,lesson-2-word-demo-bag,instruction,approved,approved,"The word is bag. Listen: bag. Now you try.","Ang salita ay bag. Makinig: bag. Ngayon, ikaw naman.",apps/api/storage/app/private/tts/staging/fil-PH-v1/sh-fil/lessons/lesson-2/support/demonstrations/lesson-2-word-demo-bag.wav,6.560,2b441c86efee309d3f56bbdf7ca9f9d410096967ba0f367b675361acacfeadff,"Approved by the product owner after listening review on 2026-08-09."
batch-002,lesson-2-word-demo-bat,instruction,approved,approved,"The word is bat. Listen: bat. Now you try.","Ang salita ay bat. Makinig: bat. Ngayon, ikaw naman.",apps/api/storage/app/private/tts/staging/fil-PH-v1/sh-fil/lessons/lesson-2/support/demonstrations/lesson-2-word-demo-bat.wav,6.080,fdbed32f29f06e05551080088a27d76d970dcca10967ec23447c6335ac3d6621,"Approved by the product owner after listening review on 2026-08-09."
batch-002,lesson-2-word-demo-bed,instruction,approved,approved,"The word is bed. Listen: bed. Now you try.","Ang salita ay bed. Makinig: bed. Ngayon, ikaw naman.",apps/api/storage/app/private/tts/staging/fil-PH-v1/sh-fil/lessons/lesson-2/support/demonstrations/lesson-2-word-demo-bed.wav,6.880,ba20161d66750ed23e5adf78b8edd5965f8bc9aa1c4eb88151a131c24d288b4c,"Approved by the product owner after listening review on 2026-08-09."
batch-002,lesson-2-word-demo-big,instruction,approved,approved,"The word is big. Listen: big. Now you try.","Ang salita ay big. Makinig: big. Ngayon, ikaw naman.",apps/api/storage/app/private/tts/staging/fil-PH-v1/sh-fil/lessons/lesson-2/support/demonstrations/lesson-2-word-demo-big.wav,5.600,dbd85dbc9a0190528dccd01ec5b20392b1eef49b15c5bc7d5925adbb32d10973,"Approved by the product owner after listening review on 2026-08-09."
batch-002,lesson-2-word-demo-bun,instruction,approved,approved,"The word is bun. Listen: bun. Now you try.","Ang salita ay bun. Makinig: bun. Ngayon, ikaw naman.",apps/api/storage/app/private/tts/staging/fil-PH-v1/sh-fil/lessons/lesson-2/support/demonstrations/lesson-2-word-demo-bun.wav,7.360,15032252a1a9b8cb5239bfdbb652c9c79e629079d82cacd737d84109f4b70506,"Approved by the product owner after listening review on 2026-08-09."
batch-002,lesson-2-word-demo-can,instruction,approved,approved,"The word is can. Listen: can. Now you try.","Ang salita ay can. Makinig: can. Ngayon, ikaw naman.",apps/api/storage/app/private/tts/staging/fil-PH-v1/sh-fil/lessons/lesson-2/support/demonstrations/lesson-2-word-demo-can.wav,5.920,92f73ded6b6a46e17dcd9dc1383d34a893c59ae89d3dd016130c4a0f170a496c,"Approved by the product owner after listening review on 2026-08-09."
batch-002,lesson-2-word-demo-cap,instruction,approved,approved,"The word is cap. Listen: cap. Now you try.","Ang salita ay cap. Makinig: cap. Ngayon, ikaw naman.",apps/api/storage/app/private/tts/staging/fil-PH-v1/sh-fil/lessons/lesson-2/support/demonstrations/lesson-2-word-demo-cap.wav,6.080,d1bc074b5017099e10615f4c53f9e10c8308ac2dc68507f99bd30a38332c6831,"Approved by the product owner after listening review on 2026-08-09."
batch-002,lesson-2-word-demo-cat,instruction,approved,approved,"The word is cat. Listen: cat. Now you try.","Ang salita ay cat. Makinig: cat. Ngayon, ikaw naman.",apps/api/storage/app/private/tts/staging/fil-PH-v1/sh-fil/lessons/lesson-2/support/demonstrations/lesson-2-word-demo-cat.wav,5.600,4f66c40e71e905be5738ce64aac171e79eca9cead085908de6fb93d4eac8a81d,"Approved by the product owner after listening review on 2026-08-09."
batch-002,lesson-2-word-demo-cut,instruction,approved,approved,"The word is cut. Listen: cut. Now you try.","Ang salita ay cut. Makinig: cut. Ngayon, ikaw naman.",apps/api/storage/app/private/tts/staging/fil-PH-v1/sh-fil/lessons/lesson-2/support/demonstrations/lesson-2-word-demo-cut.wav,6.240,adcfcf9706b531b379c362f3737604de86ddec7923aa75dc5cb9f5229ac85a9a,"Approved by the product owner after listening review on 2026-08-09."
batch-002,lesson-2-word-demo-dad,instruction,approved,approved,"The word is dad. Listen: dad. Now you try.","Ang salita ay dad. Makinig: dad. Ngayon, ikaw naman.",apps/api/storage/app/private/tts/staging/fil-PH-v1/sh-fil/lessons/lesson-2/support/demonstrations/lesson-2-word-demo-dad.wav,7.360,9cc4e3dc5ffe995ee19b7806215dcd409cb3c78298873cf2739a60cb165368dc,"Approved by the product owner after listening review on 2026-08-09."
batch-002,lesson-2-word-demo-den,instruction,approved,approved,"The word is den. Listen: den. Now you try.","Ang salita ay den. Makinig: den. Ngayon, ikaw naman.",apps/api/storage/app/private/tts/staging/fil-PH-v1/sh-fil/lessons/lesson-2/support/demonstrations/lesson-2-word-demo-den.wav,5.440,a53dea976a39fe04ec13364be599a66f8b31a0fc0db9ddbd862c3df04d5014a2,"Approved by the product owner after listening review on 2026-08-09."
batch-002,lesson-2-word-demo-dig,instruction,approved,approved,"The word is dig. Listen: dig. Now you try.","Ang salita ay dig. Makinig: dig. Ngayon, ikaw naman.",apps/api/storage/app/private/tts/staging/fil-PH-v1/sh-fil/lessons/lesson-2/support/demonstrations/lesson-2-word-demo-dig.wav,5.600,8fbe7a47db6a45b143be1b551843d31d87d269265eced7f45b90264c128bee81,"Approved by the product owner after listening review on 2026-08-09."
batch-002,lesson-2-word-demo-dog,instruction,approved,approved,"The word is dog. Listen: dog. Now you try.","Ang salita ay dog. Makinig: dog. Ngayon, ikaw naman.",apps/api/storage/app/private/tts/staging/fil-PH-v1/sh-fil/lessons/lesson-2/support/demonstrations/lesson-2-word-demo-dog.wav,5.920,e3bf20e949a688a4b0b0d49d6eca4c7533bef555ec1b520e0383bc24ee1f3af6,"Approved by the product owner after listening review on 2026-08-09."
batch-002,lesson-2-word-demo-dot,instruction,approved,approved,"The word is dot. Listen: dot. Now you try.","Ang salita ay dot. Makinig: dot. Ngayon, ikaw naman.",apps/api/storage/app/private/tts/staging/fil-PH-v1/sh-fil/lessons/lesson-2/support/demonstrations/lesson-2-word-demo-dot.wav,5.600,ebaa7037affa52b3a8f4e683596b44e1a3111e9e7594925df8eee3b19a86cdb3,"Approved by the product owner after listening review on 2026-08-09."
batch-002,lesson-2-word-demo-fan,instruction,approved,approved,"The word is fan. Listen: fan. Now you try.","Ang salita ay fan. Makinig: fan. Ngayon, ikaw naman.",apps/api/storage/app/private/tts/staging/fil-PH-v1/sh-fil/lessons/lesson-2/support/demonstrations/lesson-2-word-demo-fan.wav,5.600,7c87d19b72363c8970def87ade396282714df073d90d2a1b3d2caa4bcf54d011,"Approved by the product owner after listening review on 2026-08-09."
batch-002,lesson-2-word-demo-fat,instruction,approved,approved,"The word is fat. Listen: fat. Now you try.","Ang salita ay fat. Makinig: fat. Ngayon, ikaw naman.",apps/api/storage/app/private/tts/staging/fil-PH-v1/sh-fil/lessons/lesson-2/support/demonstrations/lesson-2-word-demo-fat.wav,6.400,bffeb5cef271bf7d651b52133cb25b9beb887a615f37ca17aa837b4fb8cfc340,"Approved by the product owner after listening review on 2026-08-09."
batch-002,lesson-2-word-demo-fin,instruction,approved,approved,"The word is fin. Listen: fin. Now you try.","Ang salita ay fin. Makinig: fin. Ngayon, ikaw naman.",apps/api/storage/app/private/tts/staging/fil-PH-v1/sh-fil/lessons/lesson-2/support/demonstrations/lesson-2-word-demo-fin.wav,5.760,b9be069f598cb49005660e97675cf09bbac625ebddde90f2ed47c988a5441e00,"Approved by the product owner after listening review on 2026-08-09."
batch-002,lesson-2-word-demo-fit,instruction,approved,approved,"The word is fit. Listen: fit. Now you try.","Ang salita ay fit. Makinig: fit. Ngayon, ikaw naman.",apps/api/storage/app/private/tts/staging/fil-PH-v1/sh-fil/lessons/lesson-2/support/demonstrations/lesson-2-word-demo-fit.wav,6.080,c231ac7c46194a3fb04a498bfdeb148a112bcc370f9751fde48b9e91d0d5d2cf,"Approved by the product owner after listening review on 2026-08-09."
batch-002,lesson-2-word-demo-fun,instruction,approved,approved,"The word is fun. Listen: fun. Now you try.","Ang salita ay fun. Makinig: fun. Ngayon, ikaw naman.",apps/api/storage/app/private/tts/staging/fil-PH-v1/sh-fil/lessons/lesson-2/support/demonstrations/lesson-2-word-demo-fun.wav,6.720,ae3147b8f457a6cb951f3a6c965c6d0d4a93891c5cdc8a4a02aaa66559e0285c,"Approved by the product owner after listening review on 2026-08-09."
batch-002,lesson-2-word-demo-gap,instruction,approved,approved,"The word is gap. Listen: gap. Now you try.","Ang salita ay gap. Makinig: gap. Ngayon, ikaw naman.",apps/api/storage/app/private/tts/staging/fil-PH-v1/sh-fil/lessons/lesson-2/support/demonstrations/lesson-2-word-demo-gap.wav,5.440,db38dd704dff4307a1c3e1527de7625347e1b927ee51d55d53c90c04b0acc312,"Approved by the product owner after listening review on 2026-08-09."
batch-002,lesson-2-word-demo-gas,instruction,approved,approved,"The word is gas. Listen: gas. Now you try.","Ang salita ay gas. Makinig: gas. Ngayon, ikaw naman.",apps/api/storage/app/private/tts/staging/fil-PH-v1/sh-fil/lessons/lesson-2/support/demonstrations/lesson-2-word-demo-gas.wav,6.720,5b1c3a933a18a8a87823cc581efbed364df31c504a87e6274c5ae9b370dd0845,"Approved by the product owner after listening review on 2026-08-09."
batch-002,lesson-2-word-demo-get,instruction,approved,approved,"The word is get. Listen: get. Now you try.","Ang salita ay get. Makinig: get. Ngayon, ikaw naman.",apps/api/storage/app/private/tts/staging/fil-PH-v1/sh-fil/lessons/lesson-2/support/demonstrations/lesson-2-word-demo-get.wav,6.720,63066e86a14c2b21f11863494b3eaf411e58cfa1f38bd3e752d14f090600c195,"Approved by the product owner after listening review on 2026-08-09."
batch-002,lesson-2-word-demo-got,instruction,approved,approved,"The word is got. Listen: got. Now you try.","Ang salita ay got. Makinig: got. Ngayon, ikaw naman.",apps/api/storage/app/private/tts/staging/fil-PH-v1/sh-fil/lessons/lesson-2/support/demonstrations/lesson-2-word-demo-got.wav,6.240,f735997c40874b36b656b786198efbb5231733a847b21bbbb76f70e57e18f9ce,"Approved by the product owner after listening review on 2026-08-09."
batch-002,lesson-2-word-demo-gum,instruction,approved,approved,"The word is gum. Listen: gum. Now you try.","Ang salita ay gum. Makinig: gum. Ngayon, ikaw naman.",apps/api/storage/app/private/tts/staging/fil-PH-v1/sh-fil/lessons/lesson-2/support/demonstrations/lesson-2-word-demo-gum.wav,6.560,d154dadac1d07c0dae4b5a0f2e82d730e6961ce738797f5bbdb82657107217b8,"Approved by the product owner after listening review on 2026-08-09."
batch-002,lesson-2-word-demo-ham,instruction,approved,approved,"The word is ham. Listen: ham. Now you try.","Ang salita ay ham. Makinig: ham. Ngayon, ikaw naman.",apps/api/storage/app/private/tts/staging/fil-PH-v1/sh-fil/lessons/lesson-2/support/demonstrations/lesson-2-word-demo-ham.wav,6.720,b292c3ab4607939d08fbb9004bb5d7cf2bf6782f68c1fe9158b6405d69827eff,"Approved by the product owner after listening review on 2026-08-09."
batch-002,lesson-2-word-demo-hat,instruction,approved,approved,"The word is hat. Listen: hat. Now you try.","Ang salita ay hat. Makinig: hat. Ngayon, ikaw naman.",apps/api/storage/app/private/tts/staging/fil-PH-v1/sh-fil/lessons/lesson-2/support/demonstrations/lesson-2-word-demo-hat.wav,6.080,000b58091c4be9cef7a1f1cd161980f36bbd2cd01806b16942b1503c3cff80ae,"Approved by the product owner after listening review on 2026-08-09."
batch-002,lesson-2-word-demo-hen,instruction,approved,approved,"The word is hen. Listen: hen. Now you try.","Ang salita ay hen. Makinig: hen. Ngayon, ikaw naman.",apps/api/storage/app/private/tts/staging/fil-PH-v1/sh-fil/lessons/lesson-2/support/demonstrations/lesson-2-word-demo-hen.wav,7.040,002df67dddb584e5f052a6649c9abb5d6d4f9da44e8d8b0aef121202f32947d5,"Approved by the product owner after listening review on 2026-08-09."
batch-002,lesson-2-word-demo-hip,instruction,approved,approved,"The word is hip. Listen: hip. Now you try.","Ang salita ay hip. Makinig: hip. Ngayon, ikaw naman.",apps/api/storage/app/private/tts/staging/fil-PH-v1/sh-fil/lessons/lesson-2/support/demonstrations/lesson-2-word-demo-hip.wav,6.720,7962587d1b0f7bbdd84da02689c5cf7cbedebf057d8e7e95ec93a855c22b17b3,"Approved by the product owner after listening review on 2026-08-09."
batch-002,lesson-2-word-demo-hot,instruction,approved,approved,"The word is hot. Listen: hot. Now you try.","Ang salita ay hot. Makinig: hot. Ngayon, ikaw naman.",apps/api/storage/app/private/tts/staging/fil-PH-v1/sh-fil/lessons/lesson-2/support/demonstrations/lesson-2-word-demo-hot.wav,5.760,1fbb8aa10fef14b4c6cc285427a4e6502da79c1313e3a0fedea6d78df38a96d3,"Approved by the product owner after listening review on 2026-08-09."
batch-002,lesson-2-word-demo-jam,instruction,approved,approved,"The word is jam. Listen: jam. Now you try.","Ang salita ay jam. Makinig: jam. Ngayon, ikaw naman.",apps/api/storage/app/private/tts/staging/fil-PH-v1/sh-fil/lessons/lesson-2/support/demonstrations/lesson-2-word-demo-jam.wav,7.040,6cc42466ecd593c7003cf2959d46cf9406d8c1099f9f193d7fd90510c2d1c2b8,"Approved by the product owner after listening review on 2026-08-09."
batch-002,lesson-2-word-demo-jet,instruction,approved,approved,"The word is jet. Listen: jet. Now you try.","Ang salita ay jet. Makinig: jet. Ngayon, ikaw naman.",apps/api/storage/app/private/tts/staging/fil-PH-v1/sh-fil/lessons/lesson-2/support/demonstrations/lesson-2-word-demo-jet.wav,6.080,3c3655df842a4fd5a8217400862512b0fc1372b863c267dddb5f96b8bb7eb9ec,"Approved by the product owner after listening review on 2026-08-09."
batch-002,lesson-2-word-demo-job,instruction,approved,approved,"The word is job. Listen: job. Now you try.","Ang salita ay job. Makinig: job. Ngayon, ikaw naman.",apps/api/storage/app/private/tts/staging/fil-PH-v1/sh-fil/lessons/lesson-2/support/demonstrations/lesson-2-word-demo-job.wav,5.440,789889cd586ef650cdc5adb65685b27e19bd92b2105089fa020e3783a7ad41df,"Approved by the product owner after listening review on 2026-08-09."
batch-002,lesson-2-word-demo-jog,instruction,approved,approved,"The word is jog. Listen: jog. Now you try.","Ang salita ay jog. Makinig: jog. Ngayon, ikaw naman.",apps/api/storage/app/private/tts/staging/fil-PH-v1/sh-fil/lessons/lesson-2/support/demonstrations/lesson-2-word-demo-jog.wav,5.440,1b86f4f2c44aed2da05ea8856272bee5e8524e82173c7c5a3b859b6e098b62c7,"Approved by the product owner after listening review on 2026-08-09."
batch-002,lesson-2-word-demo-jug,instruction,approved,approved,"The word is jug. Listen: jug. Now you try.","Ang salita ay jug. Makinig: jug. Ngayon, ikaw naman.",apps/api/storage/app/private/tts/staging/fil-PH-v1/sh-fil/lessons/lesson-2/support/demonstrations/lesson-2-word-demo-jug.wav,5.760,4094a431cd17309de8b4d56f7386dde4e93dab2f12134bfa8177d64233abd245,"Approved by the product owner after listening review on 2026-08-09."
batch-002,lesson-2-word-demo-lap,instruction,approved,approved,"The word is lap. Listen: lap. Now you try.","Ang salita ay lap. Makinig: lap. Ngayon, ikaw naman.",apps/api/storage/app/private/tts/staging/fil-PH-v1/sh-fil/lessons/lesson-2/support/demonstrations/lesson-2-word-demo-lap.wav,5.440,b5cb94f4010fae6b7451eedb8c323926ed7b571c4a02a29bc9b576e0d7fa9356,"Approved by the product owner after listening review on 2026-08-09."
batch-002,lesson-2-word-demo-leg,instruction,approved,approved,"The word is leg. Listen: leg. Now you try.","Ang salita ay leg. Makinig: leg. Ngayon, ikaw naman.",apps/api/storage/app/private/tts/staging/fil-PH-v1/sh-fil/lessons/lesson-2/support/demonstrations/lesson-2-word-demo-leg.wav,5.440,c201d309bf0283a4314d97806619ec71e76ec3de9da223403e28db07922da54b,"Approved by the product owner after listening review on 2026-08-09."
batch-002,lesson-2-word-demo-lid,instruction,approved,approved,"The word is lid. Listen: lid. Now you try.","Ang salita ay lid. Makinig: lid. Ngayon, ikaw naman.",apps/api/storage/app/private/tts/staging/fil-PH-v1/sh-fil/lessons/lesson-2/support/demonstrations/lesson-2-word-demo-lid.wav,5.120,8433c343e68a4f90ee63aba4dd5acb890aefc0fd63acae40d5341f697bf95ff6,"Approved by the product owner after listening review on 2026-08-09."
batch-002,lesson-2-word-demo-lip,instruction,approved,approved,"The word is lip. Listen: lip. Now you try.","Ang salita ay lip. Makinig: lip. Ngayon, ikaw naman.",apps/api/storage/app/private/tts/staging/fil-PH-v1/sh-fil/lessons/lesson-2/support/demonstrations/lesson-2-word-demo-lip.wav,7.520,ddf6701a0d45b5651f8abd521c169138144e543e129e0aaeb02d584ed0df4a5f,"Approved by the product owner after listening review on 2026-08-09."
batch-002,lesson-2-word-demo-log,instruction,approved,approved,"The word is log. Listen: log. Now you try.","Ang salita ay log. Makinig: log. Ngayon, ikaw naman.",apps/api/storage/app/private/tts/staging/fil-PH-v1/sh-fil/lessons/lesson-2/support/demonstrations/lesson-2-word-demo-log.wav,4.800,0a6f98a74a7faf28eaa0dfe831b74ce775ca728165ba603520d8339a68144f4b,"Approved by the product owner after listening review on 2026-08-09."
batch-002,lesson-2-word-demo-man,instruction,approved,approved,"The word is man. Listen: man. Now you try.","Ang salita ay man. Makinig: man. Ngayon, ikaw naman.",apps/api/storage/app/private/tts/staging/fil-PH-v1/sh-fil/lessons/lesson-2/support/demonstrations/lesson-2-word-demo-man.wav,6.240,3e8ad049f33f796d3daf41389e0596af3cf35e8ff1e16fd6e115be54c4390e80,"Approved by the product owner after listening review on 2026-08-09."
batch-002,lesson-2-word-demo-map,instruction,approved,approved,"The word is map. Listen: map. Now you try.","Ang salita ay map. Makinig: map. Ngayon, ikaw naman.",apps/api/storage/app/private/tts/staging/fil-PH-v1/sh-fil/lessons/lesson-2/support/demonstrations/lesson-2-word-demo-map.wav,6.880,9095706ab6a3c54f6d73175d205ff3833ec31e1a901190fca61339ef2f650462,"Approved by the product owner after listening review on 2026-08-09."
batch-002,lesson-2-word-demo-mat,instruction,approved,approved,"The word is mat. Listen: mat. Now you try.","Ang salita ay mat. Makinig: mat. Ngayon, ikaw naman.",apps/api/storage/app/private/tts/staging/fil-PH-v1/sh-fil/lessons/lesson-2/support/demonstrations/lesson-2-word-demo-mat.wav,6.240,4f7c5efbc45cb8845c71d49a0ce69fd7dfd5b0afd006ea9f6fca5527dc88eed9,"Approved by the product owner after listening review on 2026-08-09."
batch-002,lesson-2-word-demo-men,instruction,approved,approved,"The word is men. Listen: men. Now you try.","Ang salita ay men. Makinig: men. Ngayon, ikaw naman.",apps/api/storage/app/private/tts/staging/fil-PH-v1/sh-fil/lessons/lesson-2/support/demonstrations/lesson-2-word-demo-men.wav,6.720,753568034b36c462d89ec47c327aa2eb45c1045c06c829e6ff465731fba3ffdc,"Approved by the product owner after listening review on 2026-08-09."
batch-002,lesson-2-word-demo-mug,instruction,approved,approved,"The word is mug. Listen: mug. Now you try.","Ang salita ay mug. Makinig: mug. Ngayon, ikaw naman.",apps/api/storage/app/private/tts/staging/fil-PH-v1/sh-fil/lessons/lesson-2/support/demonstrations/lesson-2-word-demo-mug.wav,6.560,86f4b45167bfa9dbd9c2bfa37ead5ce152db4d686acca7deb3e9b78fe0bde241,"Approved by the product owner after listening review on 2026-08-09."
batch-002,lesson-2-word-demo-pan,instruction,approved,approved,"The word is pan. Listen: pan. Now you try.","Ang salita ay pan. Makinig: pan. Ngayon, ikaw naman.",apps/api/storage/app/private/tts/staging/fil-PH-v1/sh-fil/lessons/lesson-2/support/demonstrations/lesson-2-word-demo-pan.wav,5.760,838fb10b51c3524a2f04ccebb48265dfd2378fc2396e02f47728777a404ae001,"Approved by the product owner after listening review on 2026-08-09."
batch-002,lesson-2-word-demo-pen,instruction,approved,approved,"The word is pen. Listen: pen. Now you try.","Ang salita ay pen. Makinig: pen. Ngayon, ikaw naman.",apps/api/storage/app/private/tts/staging/fil-PH-v1/sh-fil/lessons/lesson-2/support/demonstrations/lesson-2-word-demo-pen.wav,6.880,e1e64744534f989d6e257071a0ff26c2049ec9cf2b4fa186bcffaa31aa90e4a6,"Approved by the product owner after listening review on 2026-08-09."
batch-002,lesson-2-word-demo-pet,instruction,approved,approved,"The word is pet. Listen: pet. Now you try.","Ang salita ay pet. Makinig: pet. Ngayon, ikaw naman.",apps/api/storage/app/private/tts/staging/fil-PH-v1/sh-fil/lessons/lesson-2/support/demonstrations/lesson-2-word-demo-pet.wav,6.400,f1d77da16f484f0b40b4229744e65e64b20f18b9494ec01751e424301f90a8dc,"Approved by the product owner after listening review on 2026-08-09."
batch-002,lesson-2-word-demo-pig,instruction,approved,approved,"The word is pig. Listen: pig. Now you try.","Ang salita ay pig. Makinig: pig. Ngayon, ikaw naman.",apps/api/storage/app/private/tts/staging/fil-PH-v1/sh-fil/lessons/lesson-2/support/demonstrations/lesson-2-word-demo-pig.wav,4.800,1a7bc6788c9252c844d858d11746f6b7ac02c427a2187b1786ef233769d44faa,"Approved by the product owner after listening review on 2026-08-09."
batch-002,lesson-2-word-demo-pot,instruction,approved,approved,"The word is pot. Listen: pot. Now you try.","Ang salita ay pot. Makinig: pot. Ngayon, ikaw naman.",apps/api/storage/app/private/tts/staging/fil-PH-v1/sh-fil/lessons/lesson-2/support/demonstrations/lesson-2-word-demo-pot.wav,5.920,2151f3cc60d7aa34e91427d4d6ea081ccb388106cf492f8fad70ae4852112621,"Approved by the product owner after listening review on 2026-08-09."
batch-002,lesson-3-mission-1-item-2,instruction,approved,approved,"Now, read the second phrase.","Ngayon, basahin ang ikalawang parirala.",apps/api/storage/app/private/tts/staging/fil-PH-v1/sh-fil/lessons/lesson-3/mission-1/lesson-3-mission-1-item-2.wav,3.520,91c3353ee4740d62b5c10e511bc08c51651987e419b8e89f99c122964acd8e78,"Approved by the product owner after listening review on 2026-08-09."
batch-002,lesson-3-mission-1-item-3,instruction,approved,approved,"Now, read the third phrase.","Ngayon, basahin ang ikatlong parirala.",apps/api/storage/app/private/tts/staging/fil-PH-v1/sh-fil/lessons/lesson-3/mission-1/lesson-3-mission-1-item-3.wav,3.680,004b63a095b61cd112a40d34f365f1a878c080d814a6ace03da332fdccb64266,"Approved by the product owner after listening review on 2026-08-09."
batch-002,lesson-3-mission-1-item-4,instruction,approved,approved,"Now, read the fourth phrase.","Ngayon, basahin ang ikaapat parirala.",apps/api/storage/app/private/tts/staging/fil-PH-v1/sh-fil/lessons/lesson-3/mission-1/lesson-3-mission-1-item-4.wav,2.560,3a3ad01b3604cc3d972b76e86631057d213e0da81f957d58a4823793e521c023,"Approved by the product owner after listening review on 2026-08-09."
batch-002,lesson-3-mission-1-item-5,instruction,approved,approved,"Now, read the fifth phrase.","Ngayon, basahin ang ikalimang parirala.",apps/api/storage/app/private/tts/staging/fil-PH-v1/sh-fil/lessons/lesson-3/mission-1/lesson-3-mission-1-item-5.wav,3.200,f893b9b6392c292bad2ef08a4f6ed750b577144b641be39ed93308335cb58682,"Approved by the product owner after listening review on 2026-08-09."
batch-002,lesson-3-technical-retry,instruction,approved,approved,"I could not hear that clearly. Let us try the phrase once more.","Hindi ko iyon narinig nang malinaw. Subukan nating muli ang parirala.",apps/api/storage/app/private/tts/staging/fil-PH-v1/sh-fil/lessons/lesson-3/support/technical/lesson-3-technical-retry.wav,4.640,838e6731fb52154f433fdf529f4116c227ec490616e237d0b5ac0f5cf7be6837,"Approved by the product owner after listening review on 2026-08-09."
batch-002,lesson-3-clue-mission-1,instruction,approved,approved,"Read one word at a time from left to right. Then say the whole phrase.","Basahin ang bawat salita mula kaliwa pakanan. Pagkatapos, sabihin ang buong parirala.",apps/api/storage/app/private/tts/staging/fil-PH-v1/sh-fil/lessons/lesson-3/support/clues/lesson-3-clue-mission-1.wav,7.200,e767e94d7f82279e3872e94906e23e528c7b9f0ea8e7b0bde80564f08ee8858e,"Approved by the product owner after listening review on 2026-08-09."
batch-002,lesson-3-feedback-independent,result,approved,approved,"That is correct. You read the phrase by yourself.","Tama. Nabasa mo ang parirala nang mag-isa.",apps/api/storage/app/private/tts/staging/fil-PH-v1/sh-fil/lessons/lesson-3/support/feedback/lesson-3-feedback-independent.wav,3.680,c4ccd187d2a24f688dc74bdf43e1f4eaf8dc1913344c5fa825bd2bd445a65cca,"Approved by the product owner after listening review on 2026-08-09."
batch-002,lesson-3-feedback-supported,result,approved,approved,"That is correct. The clue helped you read the phrase.","Tama. Nakatulong ang clue para mabasa mo ang parirala.",apps/api/storage/app/private/tts/staging/fil-PH-v1/sh-fil/lessons/lesson-3/support/feedback/lesson-3-feedback-supported.wav,4.960,02151dc79287d7c16269d7cae6c3b9f1e5b337f45f67454c386576be6c7f032a,"Approved by the product owner after listening review on 2026-08-09."
batch-002,lesson-3-feedback-demonstrated,result,approved,approved,"That is correct. You read the whole phrase with me.","Tama. Nabasa mo ang buong parirala kasabay ko.",apps/api/storage/app/private/tts/staging/fil-PH-v1/sh-fil/lessons/lesson-3/support/feedback/lesson-3-feedback-demonstrated.wav,3.840,51dc1b7c2b76917c46911c018b54caefb0078c4c1dccaeeeed5495700d32ba92,"Approved by the product owner after listening review on 2026-08-09."
batch-002,lesson-3-feedback-not-yet,result,approved,approved,"Not yet, and that is okay. We will practice this phrase again.","Hindi pa, at ayos lang iyon. Magsanay tayong muli sa pariralang ito.",apps/api/storage/app/private/tts/staging/fil-PH-v1/sh-fil/lessons/lesson-3/support/feedback/lesson-3-feedback-not-yet.wav,5.600,181eb8f34af0522fffdce226180298c308f81042b89523c6f77e972b2385a843,"Approved by the product owner after listening review on 2026-08-09."
batch-002,lesson-3-feedback-unscorable,result,approved,approved,"I still could not hear a clear answer. We can try this phrase again later.","Hindi pa rin ako nakarinig ng malinaw na sagot. Maaari nating balikan ang pariralang ito mamaya.",apps/api/storage/app/private/tts/staging/fil-PH-v1/sh-fil/lessons/lesson-3/support/feedback/lesson-3-feedback-unscorable.wav,5.440,b04853ae20bd0ee135e3d6bd758c0a75dc8dd3e58c7b007b492a5d2fa049c20a,"Approved by the product owner after listening review on 2026-08-09."
batch-002,lesson-3-feedback-incorrect-first,result,approved,approved,"That phrase was not quite right. Let us try again.","Hindi pa gaanong tama ang pariralang iyon. Subukan natin muli.",apps/api/storage/app/private/tts/staging/fil-PH-v1/sh-fil/lessons/lesson-3/support/feedback/lesson-3-feedback-incorrect-first.wav,3.840,e379b62ca2ba2f92f6de6a5326c823c943f7351232a214046b4ac214475d80aa,"Approved by the product owner after listening review on 2026-08-09."
batch-002,lesson-3-demo-big-bag,instruction,approved,approved,"Listen: big bag. Now say the whole phrase.","Makinig: big bag. Ngayon, sabihin ang buong parirala.",apps/api/storage/app/private/tts/staging/fil-PH-v1/sh-fil/lessons/lesson-3/support/demonstrations/lesson-3-demo-big-bag.wav,5.280,5e8f34f621feec4c22597661c5bd959edf0056e9d0c61cf8e0794a0f3a606029,"Approved by the product owner after listening review on 2026-08-09."
batch-002,lesson-3-demo-big-dog,instruction,approved,approved,"Listen: big dog. Now say the whole phrase.","Makinig: big dog. Ngayon, sabihin ang buong parirala.",apps/api/storage/app/private/tts/staging/fil-PH-v1/sh-fil/lessons/lesson-3/support/demonstrations/lesson-3-demo-big-dog.wav,5.120,f66791ddab591e44e01726d812fccdaec02167f96ed4dca71f58af25808dc01e,"Approved by the product owner after listening review on 2026-08-09."
batch-002,lesson-3-demo-fat-cat,instruction,approved,approved,"Listen: fat cat. Now say the whole phrase.","Makinig: fat cat. Ngayon, sabihin ang buong parirala.",apps/api/storage/app/private/tts/staging/fil-PH-v1/sh-fil/lessons/lesson-3/support/demonstrations/lesson-3-demo-fat-cat.wav,6.080,8e02a22994d02d96012b695bf4a01674d6a105f73ea4738d740621fe4d6132fd,"Approved by the product owner after listening review on 2026-08-09."
batch-002,lesson-3-demo-fat-pig,instruction,approved,approved,"Listen: fat pig. Now say the whole phrase.","Makinig: fat pig. Ngayon, sabihin ang buong parirala.",apps/api/storage/app/private/tts/staging/fil-PH-v1/sh-fil/lessons/lesson-3/support/demonstrations/lesson-3-demo-fat-pig.wav,5.120,4a28f3492276c5096fbc93ca96f509a31b39af64fb5117dc418e2a953cc807cd,"Approved by the product owner after listening review on 2026-08-09."
batch-002,lesson-3-demo-hot-pan,instruction,approved,approved,"Listen: hot pan. Now say the whole phrase.","Makinig: hot pan. Ngayon, sabihin ang buong parirala.",apps/api/storage/app/private/tts/staging/fil-PH-v1/sh-fil/lessons/lesson-3/support/demonstrations/lesson-3-demo-hot-pan.wav,5.760,dac767d3a31ddf566496b0a6c1c94259112b5887723d11744b37e073d794fab6,"Approved by the product owner after listening review on 2026-08-09."
batch-002,lesson-3-demo-red-cap,instruction,approved,approved,"Listen: red cap. Now say the whole phrase.","Makinig: red cap. Ngayon, sabihin ang buong parirala.",apps/api/storage/app/private/tts/staging/fil-PH-v1/sh-fil/lessons/lesson-3/support/demonstrations/lesson-3-demo-red-cap.wav,5.920,a87174f38dd454819cbb7753013775c169ee9dea7ff72c306a0f93c07ed55cc1,"Approved by the product owner after listening review on 2026-08-09."
batch-002,lesson-3-demo-red-cup,instruction,approved,approved,"Listen: red cup. Now say the whole phrase.","Makinig: red cup. Ngayon, sabihin ang buong parirala.",apps/api/storage/app/private/tts/staging/fil-PH-v1/sh-fil/lessons/lesson-3/support/demonstrations/lesson-3-demo-red-cup.wav,5.440,2e4d95c0db49c216f3846d66038130a8ee784550f2168836d0e76e86c3c20490,"Approved by the product owner after listening review on 2026-08-09."
batch-002,lesson-3-demo-wet-dog,instruction,approved,approved,"Listen: wet dog. Now say the whole phrase.","Makinig: wet dog. Ngayon, sabihin ang buong parirala.",apps/api/storage/app/private/tts/staging/fil-PH-v1/sh-fil/lessons/lesson-3/support/demonstrations/lesson-3-demo-wet-dog.wav,5.600,12e687ec358ddc6cc3086412a81553b815bb94230f21ac7d810c1fdf0a25dcae,"Approved by the product owner after listening review on 2026-08-09."
batch-002,lesson-3-demo-tan-bag,instruction,approved,approved,"Listen: tan bag. Now say the whole phrase.","Makinig: tan bag. Ngayon, sabihin ang buong parirala.",apps/api/storage/app/private/tts/staging/fil-PH-v1/sh-fil/lessons/lesson-3/support/demonstrations/lesson-3-demo-tan-bag.wav,4.960,7c58f8b2c2dc09def113c7a7fac7a1e34fcd203644bac16e90c1bc29b1816751,"Approved by the product owner after listening review on 2026-08-09."
batch-002,lesson-3-demo-sad-man,instruction,approved,approved,"Listen: sad man. Now say the whole phrase.","Makinig: sad man. Ngayon, sabihin ang buong parirala.",apps/api/storage/app/private/tts/staging/fil-PH-v1/sh-fil/lessons/lesson-3/support/demonstrations/lesson-3-demo-sad-man.wav,5.760,44c565ca15c0e593cdf7e445575949f8a4ffed51a47f5b230509ac4a0639b1b5,"Approved by the product owner after listening review on 2026-08-09."
batch-002,lesson-3-demo-fun-run,instruction,approved,approved,"Listen: fun run. Now say the whole phrase.","Makinig: fun run. Ngayon, sabihin ang buong parirala.",apps/api/storage/app/private/tts/staging/fil-PH-v1/sh-fil/lessons/lesson-3/support/demonstrations/lesson-3-demo-fun-run.wav,5.920,35730d70da6985f86159f4367f049232f53ce43063dda3927ad0200ff58a1589,"Approved by the product owner after listening review on 2026-08-09."
batch-002,lesson-3-demo-cat-on-a-mat,instruction,approved,approved,"Listen: cat on a mat. Now say the whole phrase.","Makinig: cat on a mat. Ngayon, sabihin ang buong parirala.",apps/api/storage/app/private/tts/staging/fil-PH-v1/sh-fil/lessons/lesson-3/support/demonstrations/lesson-3-demo-cat-on-a-mat.wav,5.280,de9ede926ee5534d980b1878dd4925edfe9d3ace12084989438a73ff4726fa83,"Approved by the product owner after listening review on 2026-08-09."
batch-002,lesson-3-demo-dog-on-a-log,instruction,approved,approved,"Listen: dog on a log. Now say the whole phrase.","Makinig: dog on a log. Ngayon, sabihin ang buong parirala.",apps/api/storage/app/private/tts/staging/fil-PH-v1/sh-fil/lessons/lesson-3/support/demonstrations/lesson-3-demo-dog-on-a-log.wav,5.760,db248636c386133c2dc2455c6c3c75fa25d30aa4d179911cd7faf629badc090f,"Approved by the product owner after listening review on 2026-08-09."
batch-002,lesson-3-demo-fan-on-a-mat,instruction,approved,approved,"Listen: fan on a mat. Now say the whole phrase.","Makinig: fan on a mat. Ngayon, sabihin ang buong parirala.",apps/api/storage/app/private/tts/staging/fil-PH-v1/sh-fil/lessons/lesson-3/support/demonstrations/lesson-3-demo-fan-on-a-mat.wav,5.920,871c39f3c6a5a90f8db7578daf2eedb66cf073687b7b232e805f064629d8ce58,"Approved by the product owner after listening review on 2026-08-09."
batch-002,lesson-3-demo-ham-in-a-pan,instruction,approved,approved,"Listen: ham in a pan. Now say the whole phrase.","Makinig: ham in a pan. Ngayon, sabihin ang buong parirala.",apps/api/storage/app/private/tts/staging/fil-PH-v1/sh-fil/lessons/lesson-3/support/demonstrations/lesson-3-demo-ham-in-a-pan.wav,4.960,9e8b1867991d316fdfdbfcf07fa163720221d1004b0256f927547120487d26d9,"Approved by the product owner after listening review on 2026-08-09."
batch-002,lesson-3-demo-hat-on-a-peg,instruction,approved,approved,"Listen: hat on a peg. Now say the whole phrase.","Makinig: hat on a peg. Ngayon, sabihin ang buong parirala.",apps/api/storage/app/private/tts/staging/fil-PH-v1/sh-fil/lessons/lesson-3/support/demonstrations/lesson-3-demo-hat-on-a-peg.wav,5.600,f4fba3ddcc9130b6cae0ea67d9ff9533e970216df11b4fd01e30f30ecfbe09b8,"Approved by the product owner after listening review on 2026-08-09."
batch-002,lesson-3-demo-hen-in-a-pen,instruction,approved,approved,"Listen: hen in a pen. Now say the whole phrase.","Makinig: hen in a pen. Ngayon, sabihin ang buong parirala.",apps/api/storage/app/private/tts/staging/fil-PH-v1/sh-fil/lessons/lesson-3/support/demonstrations/lesson-3-demo-hen-in-a-pen.wav,6.080,ed6773e5ae0017228c1cdfa77fa799e2f9468628d9fc5a69930dd0ba899af6e6,"Approved by the product owner after listening review on 2026-08-09."
batch-002,lesson-3-demo-kid-in-bed,instruction,approved,approved,"Listen: kid in bed. Now say the whole phrase.","Makinig: kid in bed. Ngayon, sabihin ang buong parirala.",apps/api/storage/app/private/tts/staging/fil-PH-v1/sh-fil/lessons/lesson-3/support/demonstrations/lesson-3-demo-kid-in-bed.wav,5.440,edd38c47d3fa5123b7846625d42fab1196140f7b9d33792e02a96a4abe8e06c8,"Approved by the product owner after listening review on 2026-08-09."
batch-002,lesson-3-demo-pig-in-mud,instruction,approved,approved,"Listen: pig in mud. Now say the whole phrase.","Makinig: pig in mud. Ngayon, sabihin ang buong parirala.",apps/api/storage/app/private/tts/staging/fil-PH-v1/sh-fil/lessons/lesson-3/support/demonstrations/lesson-3-demo-pig-in-mud.wav,4.800,2bc896291e6bdd665265640e2b4f88ea7fecffc66b774d9fe1489c161f76cf75,"Approved by the product owner after listening review on 2026-08-09."
batch-002,lesson-3-demo-wet-rag,instruction,approved,approved,"Listen: wet rag. Now say the whole phrase.","Makinig: wet rag. Ngayon, sabihin ang buong parirala.",apps/api/storage/app/private/tts/staging/fil-PH-v1/sh-fil/lessons/lesson-3/support/demonstrations/lesson-3-demo-wet-rag.wav,4.320,8105ac5bf1b48fddec4ffb9dca620c3312d03e32ef2f89bd167d4f73b680830b,"Approved by the product owner after listening review on 2026-08-09."
batch-002,lesson-4-mission-1-item-2,instruction,approved,approved,"Now, read the second sentence.","Ngayon, basahin ang ikalawang pangungusap.",apps/api/storage/app/private/tts/staging/fil-PH-v1/sh-fil/lessons/lesson-4/mission-1/lesson-4-mission-1-item-2.wav,3.680,15365c3777c82803b9e180a4b114bc4ffd754553c115403d2b8c1b30285e0bb9,"Approved by the product owner after listening review on 2026-08-09."
batch-002,lesson-4-mission-1-item-3,instruction,approved,approved,"Now, read the third sentence.","Ngayon, basahin ang ikatlong pangungusap.",apps/api/storage/app/private/tts/staging/fil-PH-v1/sh-fil/lessons/lesson-4/mission-1/lesson-4-mission-1-item-3.wav,3.680,37cba16612927692c95de2cede0208ba346625ea9b653af218b667616162715e,"Approved by the product owner after listening review on 2026-08-09."
batch-002,lesson-4-mission-1-item-4,instruction,approved,approved,"Now, read the fourth sentence.","Ngayon, basahin ang ikaapat pangungusap.",apps/api/storage/app/private/tts/staging/fil-PH-v1/sh-fil/lessons/lesson-4/mission-1/lesson-4-mission-1-item-4.wav,3.840,5321e12b2dbe04451a0c3b6978de2bba247fe6ee19b18bb36bed5ac9af3c4167,"Approved by the product owner after listening review on 2026-08-09."
batch-002,lesson-4-mission-1-item-5,instruction,approved,approved,"Now, read the fifth sentence.","Ngayon, basahin ang ikalimang pangungusap.",apps/api/storage/app/private/tts/staging/fil-PH-v1/sh-fil/lessons/lesson-4/mission-1/lesson-4-mission-1-item-5.wav,3.040,6d55f9e2ae665813ed55bde1092af4b941495536eea2f52aa39b2c49b2257213,"Approved by the product owner after listening review on 2026-08-09."
batch-002,lesson-4-technical-retry,instruction,approved,approved,"I could not hear that clearly. Let us try the sentence once more.","Hindi ko iyon narinig nang malinaw. Subukan nating muli ang pangungusap.",apps/api/storage/app/private/tts/staging/fil-PH-v1/sh-fil/lessons/lesson-4/support/technical/lesson-4-technical-retry.wav,5.600,f285e7198ceb8884e8eee38cfa22fe2ad3684cd4e705262a81103053280cf0b0,"Approved by the product owner after listening review on 2026-08-09."
batch-002,lesson-4-clue-mission-1,instruction,approved,approved,"Read one word at a time from left to right. Then say the whole sentence.","Basahin ang bawat salita mula kaliwa pakanan. Pagkatapos, sabihin ang buong pangungusap.",apps/api/storage/app/private/tts/staging/fil-PH-v1/sh-fil/lessons/lesson-4/support/clues/lesson-4-clue-mission-1.wav,6.720,0f0df0674341ecc448c9d8664b8b8bc1fcaf8df09ad2c22fe952be20cc9e6f56,"Approved by the product owner after listening review on 2026-08-09."
batch-002,lesson-4-feedback-independent,result,approved,approved,"That is correct. You read the sentence by yourself.","Tama. Nabasa mo ang pangungusap nang mag-isa.",apps/api/storage/app/private/tts/staging/fil-PH-v1/sh-fil/lessons/lesson-4/support/feedback/lesson-4-feedback-independent.wav,4.160,88fe24718adaf8dd3618eab10480a06587c56b6464a3c95a41bd643cc8f8a129,"Approved by the product owner after listening review on 2026-08-09."
batch-002,lesson-4-feedback-supported,result,approved,approved,"That is correct. The clue helped you read the sentence.","Tama. Nakatulong ang clue para mabasa mo ang pangungusap.",apps/api/storage/app/private/tts/staging/fil-PH-v1/sh-fil/lessons/lesson-4/support/feedback/lesson-4-feedback-supported.wav,4.320,875a79871b675255add20aba68c1e1fe695a32658eec0cf0f333b0976b1404e7,"Approved by the product owner after listening review on 2026-08-09."
batch-002,lesson-4-feedback-demonstrated,result,approved,approved,"That is correct. You read the whole sentence with me.","Tama. Nabasa mo ang buong pangungusap kasabay ko.",apps/api/storage/app/private/tts/staging/fil-PH-v1/sh-fil/lessons/lesson-4/support/feedback/lesson-4-feedback-demonstrated.wav,3.680,3983b85a837c0682d03e68521bbd9c81bf7e438b997f47e4a7e9334b885eea43,"Approved by the product owner after listening review on 2026-08-09."
batch-002,lesson-4-feedback-not-yet,result,approved,approved,"Not yet, and that is okay. We will practice this sentence again.","Hindi pa, at ayos lang iyon. Magsanay tayong muli sa pangungusap na ito.",apps/api/storage/app/private/tts/staging/fil-PH-v1/sh-fil/lessons/lesson-4/support/feedback/lesson-4-feedback-not-yet.wav,5.920,0c0af74e5663fa5f710755ec7663e1974e52902da904242cbafacdefa9f766e9,"Approved by the product owner after listening review on 2026-08-09."
batch-002,lesson-4-feedback-unscorable,result,approved,approved,"I still could not hear a clear answer. We can try this sentence again later.","Hindi pa rin ako nakarinig ng malinaw na sagot. Maaari nating balikan ang pangungusap na ito mamaya.",apps/api/storage/app/private/tts/staging/fil-PH-v1/sh-fil/lessons/lesson-4/support/feedback/lesson-4-feedback-unscorable.wav,7.040,ea9f5299f23eda3ab68ac38a90d7f10ed726f6381e6da6709fe936d53bfb81cb,"Approved by the product owner after listening review on 2026-08-09."
batch-002,lesson-4-feedback-incorrect-first,result,approved,approved,"That sentence was not quite right. Let us try again.","Hindi pa gaanong tama ang pangungusap na iyon. Subukan natin muli.",apps/api/storage/app/private/tts/staging/fil-PH-v1/sh-fil/lessons/lesson-4/support/feedback/lesson-4-feedback-incorrect-first.wav,4.640,570b9ca0615132fcc40e8ec4aaec818f7eaadcf38f6b8037ee08f0b9ebfc1f08,"Approved by the product owner after listening review on 2026-08-09."
batch-002,lesson-4-demo-big-bag-bed,instruction,approved,approved,"Listen: A big bag is on a bed. Now say the whole sentence.","Makinig: A big bag is on a bed. Ngayon, sabihin ang buong pangungusap.",apps/api/storage/app/private/tts/staging/fil-PH-v1/sh-fil/lessons/lesson-4/support/demonstrations/lesson-4-demo-big-bag-bed.wav,5.280,4590d72835f360dc38c8f801e0cfe7cfa0a411203969cb6a4ce0dd6cb7039c07,"Approved by the product owner after listening review on 2026-08-09."
batch-002,lesson-4-demo-cat-mat,instruction,approved,approved,"Listen: A cat is on a mat. Now say the whole sentence.","Makinig: A cat is on a mat. Ngayon, sabihin ang buong pangungusap.",apps/api/storage/app/private/tts/staging/fil-PH-v1/sh-fil/lessons/lesson-4/support/demonstrations/lesson-4-demo-cat-mat.wav,6.400,132b9a05ee40ba9097675fba859c5ba4763e3021d3e589381ef461958a628245,"Approved by the product owner after listening review on 2026-08-09."
batch-002,lesson-4-demo-dog-log,instruction,approved,approved,"Listen: A dog is on a log. Now say the whole sentence.","Makinig: A dog is on a log. Ngayon, sabihin ang buong pangungusap.",apps/api/storage/app/private/tts/staging/fil-PH-v1/sh-fil/lessons/lesson-4/support/demonstrations/lesson-4-demo-dog-log.wav,4.480,1331e83f80b50bb214ce4db49423201c094f4a0597a747276304aaf5a895f51f,"Approved by the product owner after listening review on 2026-08-09."
batch-002,lesson-4-demo-hen-pen,instruction,approved,approved,"Listen: A hen is in a pen. Now say the whole sentence.","Makinig: A hen is in a pen. Ngayon, sabihin ang buong pangungusap.",apps/api/storage/app/private/tts/staging/fil-PH-v1/sh-fil/lessons/lesson-4/support/demonstrations/lesson-4-demo-hen-pen.wav,6.720,f775f5f8b6d9e7de031dfa1cb7e2f01370381e7cb0e6f05c0dc2110f1f2b109c,"Approved by the product owner after listening review on 2026-08-09."
batch-002,lesson-4-demo-hot-pan-mat,instruction,approved,approved,"Listen: A hot pan is on a mat. Now say the whole sentence.","Makinig: A hot pan is on a mat. Ngayon, sabihin ang buong pangungusap.",apps/api/storage/app/private/tts/staging/fil-PH-v1/sh-fil/lessons/lesson-4/support/demonstrations/lesson-4-demo-hot-pan-mat.wav,7.200,7b44e9bdc4fb458676c718c89d26f0d40aabf41e57256e4cf17562442666d9ef,"Approved by the product owner after listening review on 2026-08-09."
batch-002,lesson-4-demo-kid-hop,instruction,approved,approved,"Listen: A kid can hop. Now say the whole sentence.","Makinig: A kid can hop. Ngayon, sabihin ang buong pangungusap.",apps/api/storage/app/private/tts/staging/fil-PH-v1/sh-fil/lessons/lesson-4/support/demonstrations/lesson-4-demo-kid-hop.wav,6.720,8dc41038a9a1546b3ede56d9c7ae15d991d378775e691a3873434487720ae59b,"Approved by the product owner after listening review on 2026-08-09."
batch-002,lesson-4-demo-man-dig,instruction,approved,approved,"Listen: A man can dig. Now say the whole sentence.","Makinig: A man can dig. Ngayon, sabihin ang buong pangungusap.",apps/api/storage/app/private/tts/staging/fil-PH-v1/sh-fil/lessons/lesson-4/support/demonstrations/lesson-4-demo-man-dig.wav,5.760,f2e22dd107075bcf03f4dfdfb5637ff3bde0039e143c3cec8a741266361715a5,"Approved by the product owner after listening review on 2026-08-09."
batch-002,lesson-4-demo-pig-mud,instruction,approved,approved,"Listen: A pig is in mud. Now say the whole sentence.","Makinig: A pig is in mud. Ngayon, sabihin ang buong pangungusap.",apps/api/storage/app/private/tts/staging/fil-PH-v1/sh-fil/lessons/lesson-4/support/demonstrations/lesson-4-demo-pig-mud.wav,6.080,8f6ed222e7ba938045a21646edaf946051037c8bf375a4a2705c3451e5507991,"Approved by the product owner after listening review on 2026-08-09."
batch-002,lesson-4-demo-red-cup-mat,instruction,approved,approved,"Listen: A red cup is on a mat. Now say the whole sentence.","Makinig: A red cup is on a mat. Ngayon, sabihin ang buong pangungusap.",apps/api/storage/app/private/tts/staging/fil-PH-v1/sh-fil/lessons/lesson-4/support/demonstrations/lesson-4-demo-red-cup-mat.wav,6.080,725fe24a920f11a5b88dfa8d12755c0c401cea1c5a96db2894124b11e61b25ba,"Approved by the product owner after listening review on 2026-08-09."
batch-002,lesson-4-demo-wet-dog-mat,instruction,approved,approved,"Listen: A wet dog is on a mat. Now say the whole sentence.","Makinig: A wet dog is on a mat. Ngayon, sabihin ang buong pangungusap.",apps/api/storage/app/private/tts/staging/fil-PH-v1/sh-fil/lessons/lesson-4/support/demonstrations/lesson-4-demo-wet-dog-mat.wav,6.880,a492886a3f48bf25eb3b8d2df0debd84439c70c332774a134045d14cfc85a893,"Approved by the product owner after listening review on 2026-08-09."
batch-002,lesson-4-demo-ana-bag,instruction,approved,approved,"Listen: Ana has a bag. Now say the whole sentence.","Makinig: Ana has a bag. Ngayon, sabihin ang buong pangungusap.",apps/api/storage/app/private/tts/staging/fil-PH-v1/sh-fil/lessons/lesson-4/support/demonstrations/lesson-4-demo-ana-bag.wav,5.920,ee129e850f07c79b8a2b32290539d6f3a2f942cbf90952a3e92c98146f61a56f,"Approved by the product owner after listening review on 2026-08-09."
batch-002,lesson-4-demo-ben-cap,instruction,approved,approved,"Listen: Ben has a cap. Now say the whole sentence.","Makinig: Ben has a cap. Ngayon, sabihin ang buong pangungusap.",apps/api/storage/app/private/tts/staging/fil-PH-v1/sh-fil/lessons/lesson-4/support/demonstrations/lesson-4-demo-ben-cap.wav,6.240,31b63c80ff86fbd8c5cff2895c5d9e2b0ff5322f505be35f3f00002bd57d74d4,"Approved by the product owner after listening review on 2026-08-09."
batch-002,lesson-4-demo-lena-hop,instruction,approved,approved,"Listen: Lena can hop. Now say the whole sentence.","Makinig: Lena can hop. Ngayon, sabihin ang buong pangungusap.",apps/api/storage/app/private/tts/staging/fil-PH-v1/sh-fil/lessons/lesson-4/support/demonstrations/lesson-4-demo-lena-hop.wav,6.560,616aa30524f0448e7fa2c44822843977f22feaaae3b605ea49d517ed7586dc93,"Approved by the product owner after listening review on 2026-08-09."
batch-002,lesson-4-demo-lito-run,instruction,approved,approved,"Listen: Lito can run. Now say the whole sentence.","Makinig: Lito can run. Ngayon, sabihin ang buong pangungusap.",apps/api/storage/app/private/tts/staging/fil-PH-v1/sh-fil/lessons/lesson-4/support/demonstrations/lesson-4-demo-lito-run.wav,5.600,b33e6e10a8979ed2483930bb7ba9352f1aef18600a80eec2c9366ab97eb8420b,"Approved by the product owner after listening review on 2026-08-09."
batch-002,lesson-4-demo-mia-cat,instruction,approved,approved,"Listen: Mia has a cat. Now say the whole sentence.","Makinig: Mia has a cat. Ngayon, sabihin ang buong pangungusap.",apps/api/storage/app/private/tts/staging/fil-PH-v1/sh-fil/lessons/lesson-4/support/demonstrations/lesson-4-demo-mia-cat.wav,6.400,eb9eefbcf1e7456cad8977a2444a17f64088b1be26c11fba975fb2b4cfd229b9,"Approved by the product owner after listening review on 2026-08-09."
batch-002,lesson-4-demo-mina-fan,instruction,approved,approved,"Listen: Mina has a fan. Now say the whole sentence.","Makinig: Mina has a fan. Ngayon, sabihin ang buong pangungusap.",apps/api/storage/app/private/tts/staging/fil-PH-v1/sh-fil/lessons/lesson-4/support/demonstrations/lesson-4-demo-mina-fan.wav,6.880,c6610e37307a9156236789974cb5ddf700966a6e7cdcbe96795b3e5e0abd1847,"Approved by the product owner after listening review on 2026-08-09."
batch-002,lesson-4-demo-nena-sit,instruction,approved,approved,"Listen: Nena can sit. Now say the whole sentence.","Makinig: Nena can sit. Ngayon, sabihin ang buong pangungusap.",apps/api/storage/app/private/tts/staging/fil-PH-v1/sh-fil/lessons/lesson-4/support/demonstrations/lesson-4-demo-nena-sit.wav,5.120,6689ceeb3d37c83745be2db3960c68118404dbd452877dbd5ca7a2ffda037284,"Approved by the product owner after listening review on 2026-08-09."
batch-002,lesson-4-demo-nico-dog,instruction,approved,approved,"Listen: Nico has a dog. Now say the whole sentence.","Makinig: Nico has a dog. Ngayon, sabihin ang buong pangungusap.",apps/api/storage/app/private/tts/staging/fil-PH-v1/sh-fil/lessons/lesson-4/support/demonstrations/lesson-4-demo-nico-dog.wav,6.080,43aad5090b3235f6fce0e1bdbdd6f8940cc9b79ef7793521be3b2c843280d8f5,"Approved by the product owner after listening review on 2026-08-09."
batch-002,lesson-4-demo-rosa-red-bag,instruction,approved,approved,"Listen: Rosa has a red bag. Now say the whole sentence.","Makinig: Rosa has a red bag. Ngayon, sabihin ang buong pangungusap.",apps/api/storage/app/private/tts/staging/fil-PH-v1/sh-fil/lessons/lesson-4/support/demonstrations/lesson-4-demo-rosa-red-bag.wav,6.880,3630da881fe5c107c84662254c0f435a1991ded87b8b0f0a5e4519b0ae31e8ac,"Approved by the product owner after listening review on 2026-08-09."
batch-002,lesson-4-demo-tino-pet-pig,instruction,approved,approved,"Listen: Tino has a pet pig. Now say the whole sentence.","Makinig: Tino has a pet pig. Ngayon, sabihin ang buong pangungusap.",apps/api/storage/app/private/tts/staging/fil-PH-v1/sh-fil/lessons/lesson-4/support/demonstrations/lesson-4-demo-tino-pet-pig.wav,5.280,ba106419bf23a7e95a9d057495334bb791f04275bf92dd41bf4be84b5548b285,"Approved by the product owner after listening review on 2026-08-09."
batch-002,lesson-5-technical-retry,instruction,approved,approved,"I could not hear the passage clearly. Let us try it once more.","Hindi ko narinig nang malinaw ang teksto. Subukan natin itong muli.",apps/api/storage/app/private/tts/staging/fil-PH-v1/sh-fil/lessons/lesson-5/support/technical/lesson-5-technical-retry.wav,5.120,e2155c892acd6cf3d27dd23c26d43c7ccfcdc9ccace110351563b13bd1e90361,"Approved by the product owner after listening review on 2026-08-09."
batch-002,lesson-5-performance-excellent,result,approved,approved,"You read the passage very clearly. You kept the words together from beginning to end.","Napakalinaw ng pagbasa mo sa teksto. Napagsama-sama mo ang mga salita mula simula hanggang wakas.",apps/api/storage/app/private/tts/staging/fil-PH-v1/sh-fil/lessons/lesson-5/review/lesson-5-performance-excellent.wav,7.040,3c881d6582f20ccc860738c1a1ce925bf13afb664169a368441c020ac06158de,"Approved by the product owner after listening review on 2026-08-09."
batch-002,lesson-5-performance-strong,result,approved,approved,"You did good work reading that passage. A few words need more practice.","Mahusay ang pagbasa mo sa tekstong iyon. May ilang salitang kailangan pang sanayin.",apps/api/storage/app/private/tts/staging/fil-PH-v1/sh-fil/lessons/lesson-5/review/lesson-5-performance-strong.wav,6.080,21a952a39abdc0e38e311e7fa02ec4a2f4f7aea132f2cadc481a838e3054c179,"Approved by the product owner after listening review on 2026-08-09."
batch-002,lesson-5-performance-growing,result,approved,approved,"You stayed with the passage and kept reading. Let us practice the words that were difficult.","Ipinagpatuloy mo ang pagbasa sa teksto. Sanayin natin ang mga salitang nahirapan kang basahin.",apps/api/storage/app/private/tts/staging/fil-PH-v1/sh-fil/lessons/lesson-5/review/lesson-5-performance-growing.wav,7.040,33995308ec27c4fd454c50d8a56d6e40bc27165694c5b13f02b257ab49ff05ca,"Approved by the product owner after listening review on 2026-08-09."
batch-002,lesson-5-performance-beginning,result,approved,approved,"Thank you for finishing the passage. Reading a whole story takes courage, and we can practice it again.","Salamat sa pagtatapos ng teksto. Kailangan ng tapang upang basahin ang isang buong kuwento, at maaari natin itong sanayin muli.",apps/api/storage/app/private/tts/staging/fil-PH-v1/sh-fil/lessons/lesson-5/review/lesson-5-performance-beginning.wav,10.560,cdb2ec4a14b9d02869153018186594f4fc4dd22918580388f94e7fd05f945d4f,"Approved by the product owner after listening review on 2026-08-09."
batch-002,lesson-5-performance-skipped,result,approved,approved,"That is okay. We can return to this passage another time.","Ayos lang iyon. Maaari nating balikan ang tekstong ito sa ibang pagkakataon.",apps/api/storage/app/private/tts/staging/fil-PH-v1/sh-fil/lessons/lesson-5/review/lesson-5-performance-skipped.wav,6.560,38bb78026b9157ca7248eabbdb1dd3b29452c3111ff65b0ac8d9bffdf496fb32,"Approved by the product owner after listening review on 2026-08-09."
batch-002,lesson-5-performance-unavailable,result,approved,approved,"I could not hear enough of the passage to show a reading result. We can try it again another time.","Hindi sapat ang narinig ko sa teksto upang maipakita ang resulta ng pagbasa. Maaari natin itong subukan muli sa ibang pagkakataon.",apps/api/storage/app/private/tts/staging/fil-PH-v1/sh-fil/lessons/lesson-5/review/lesson-5-performance-unavailable.wav,10.560,ef4916b9db70b04981b75a196fb6c63e4de70554606ea53cb256072fb9c4965f,"Approved by the product owner after listening review on 2026-08-09."
batch-002,assessment-letters-item-2,instruction,approved,approved,"Now, try the second letter.","Ngayon, subukan ang ikalawang letra.",apps/api/storage/app/private/tts/staging/fil-PH-v1/sh-fil/part-1/task-1a/assessment-letters-item-2.wav,3.200,e3a8ac2ed37e7c27b728bf09f3281411edc1a90ce8a09396be844422e1376089,"Approved by the product owner after listening review on 2026-08-09."
batch-002,assessment-letters-item-3,instruction,approved,approved,"Now, try the third letter.","Ngayon, subukan ang ikatlong letra.",apps/api/storage/app/private/tts/staging/fil-PH-v1/sh-fil/part-1/task-1a/assessment-letters-item-3.wav,3.040,1d1c0125c1e3a1f82952142371ce40542c9916121cde218888a2f98e5c88ce4a,"Approved by the product owner after listening review on 2026-08-09."
batch-002,assessment-letters-item-4,instruction,approved,approved,"Now, try the fourth letter.","Ngayon, subukan ang ikaapat letra.",apps/api/storage/app/private/tts/staging/fil-PH-v1/sh-fil/part-1/task-1a/assessment-letters-item-4.wav,2.400,cddc846e4b7c1ca6abbc5c416b77788e6d70038a108a347fe20f987a1e170b76,"Approved by the product owner after listening review on 2026-08-09."
batch-002,assessment-letters-item-5,instruction,approved,approved,"Now, try the fifth letter.","Ngayon, subukan ang ikalimang letra.",apps/api/storage/app/private/tts/staging/fil-PH-v1/sh-fil/part-1/task-1a/assessment-letters-item-5.wav,3.520,23a25213ceb4f6154c45b1899d9d6a3a33507be89c8e824ed1adefa7b4babe12,"Approved by the product owner after listening review on 2026-08-09."
batch-002,assessment-letters-item-6,instruction,approved,approved,"Now, try the sixth letter.","Ngayon, subukan ang ikaanim na letra.",apps/api/storage/app/private/tts/staging/fil-PH-v1/sh-fil/part-1/task-1a/assessment-letters-item-6.wav,3.040,451889bc5aef32ac418e6955f81635b1cd7be9db1e6549e6bb9e0de441070c28,"Approved by the product owner after listening review on 2026-08-09."
batch-002,assessment-letters-item-7,instruction,approved,approved,"Now, try the seventh letter.","Ngayon, subukan ang ikapitong letra.",apps/api/storage/app/private/tts/staging/fil-PH-v1/sh-fil/part-1/task-1a/assessment-letters-item-7.wav,3.360,7193a244eb423196e7688de931e42942068446ed61aeaf83a5682fed655d40f5,"Approved by the product owner after listening review on 2026-08-09."
batch-002,assessment-letters-item-8,instruction,approved,approved,"Now, try the eighth letter.","Ngayon, subukan ang ikawalong letra.",apps/api/storage/app/private/tts/staging/fil-PH-v1/sh-fil/part-1/task-1a/assessment-letters-item-8.wav,2.880,340997bf9f8891e81561b02703bb2739e3f3a6576d4673509928a9fc99ca7d84,"Approved by the product owner after listening review on 2026-08-09."
batch-002,assessment-letters-item-9,instruction,approved,approved,"Now, try the ninth letter.","Ngayon, subukan ang ikasiyam na letra.",apps/api/storage/app/private/tts/staging/fil-PH-v1/sh-fil/part-1/task-1a/assessment-letters-item-9.wav,3.040,6d929b3eebff1d397ca9497976b4f9f57f4b04f9cee33ebf4aced4d21e576d71,"Approved by the product owner after listening review on 2026-08-09."
batch-002,assessment-letters-item-10,instruction,approved,approved,"Now, try the tenth letter.","Ngayon, subukan ang ikasampung letra.",apps/api/storage/app/private/tts/staging/fil-PH-v1/sh-fil/part-1/task-1a/assessment-letters-item-10.wav,3.040,99ba241b5d295eaee26816dfdb008aa5061ecfa9ace26b2a511a320d98f1c1b6,"Approved by the product owner after listening review on 2026-08-09."
batch-002,assessment-rhymes-item-2,question,approved,approved,"Now, check the second pair.","Ngayon, suriin ang ikalawang pares.",apps/api/storage/app/private/tts/staging/fil-PH-v1/sh-fil/part-1/task-2a/assessment-rhymes-item-2.wav,3.200,77a4e697b81aac9fcd7be619f41d8795705d6bc8378a3889c1ea9b1688295835,"Approved by the product owner after listening review on 2026-08-09."
batch-002,assessment-rhymes-item-3,question,approved,approved,"Now, check the third pair.","Ngayon, suriin ang ikatlong pares.",apps/api/storage/app/private/tts/staging/fil-PH-v1/sh-fil/part-1/task-2a/assessment-rhymes-item-3.wav,3.840,eaa978491463cb49159dcab4aeb63edf5af3af950efaeb262fb008e44c69c1a5,"Approved by the product owner after listening review on 2026-08-09."
batch-002,assessment-rhymes-item-4,question,approved,approved,"Now, check the fourth pair.","Ngayon, suriin ang ikaapat pares.",apps/api/storage/app/private/tts/staging/fil-PH-v1/sh-fil/part-1/task-2a/assessment-rhymes-item-4.wav,2.880,b7f9fcf8f94cf1a70b2ff9a463f38d762ea521f0a29ea2d145ce687fe2e44ec4,"Approved by the product owner after listening review on 2026-08-09."
batch-002,assessment-rhymes-item-5,question,approved,approved,"Now, check the fifth pair.","Ngayon, suriin ang ikalimang pares.",apps/api/storage/app/private/tts/staging/fil-PH-v1/sh-fil/part-1/task-2a/assessment-rhymes-item-5.wav,3.360,3c0b5fbb47971359891e7649cbbfcfe2ddb96996ddc3c6037423b24b442ec7c7,"Approved by the product owner after listening review on 2026-08-09."
batch-002,assessment-rhymes-item-6,question,approved,approved,"Now, check the sixth pair.","Ngayon, suriin ang ikaanim na pares.",apps/api/storage/app/private/tts/staging/fil-PH-v1/sh-fil/part-1/task-2a/assessment-rhymes-item-6.wav,3.520,90dbace786617222e465262427f428155194915f9a980c8655151d07764a3a15,"Approved by the product owner after listening review on 2026-08-09."
batch-002,assessment-rhymes-item-7,question,approved,approved,"Now, check the seventh pair.","Ngayon, suriin ang ikapitong pares.",apps/api/storage/app/private/tts/staging/fil-PH-v1/sh-fil/part-1/task-2a/assessment-rhymes-item-7.wav,3.520,3258dce13437a85c9688853cec0dff743faea8d89476f089900b67ef4fc70d9c,"Approved by the product owner after listening review on 2026-08-09."
batch-002,assessment-rhymes-item-8,question,approved,approved,"Now, check the eighth pair.","Ngayon, suriin ang ikawalong pares.",apps/api/storage/app/private/tts/staging/fil-PH-v1/sh-fil/part-1/task-2a/assessment-rhymes-item-8.wav,3.040,6ba42505ee1a969789f03f9ef1f54b12e2765f018b51d8257a18a56949792282,"Approved by the product owner after listening review on 2026-08-09."
batch-002,assessment-rhymes-item-9,question,approved,approved,"Now, check the ninth pair.","Ngayon, suriin ang ikasiyam na pares.",apps/api/storage/app/private/tts/staging/fil-PH-v1/sh-fil/part-1/task-2a/assessment-rhymes-item-9.wav,4.480,86d157b799175e21c6fcb5e8b18d2a2624a07b11bcaa7b645346c69b5ea620f8,"Approved by the product owner after listening review on 2026-08-09."
batch-002,assessment-rhymes-item-10,question,approved,approved,"Now, check the tenth pair.","Ngayon, suriin ang ikasampung pares.",apps/api/storage/app/private/tts/staging/fil-PH-v1/sh-fil/part-1/task-2a/assessment-rhymes-item-10.wav,3.200,2807772c75ce0b4790bad8caf21485196083ccbd927ba1e751e85cd91ef193c3,"Approved by the product owner after listening review on 2026-08-09."
batch-002,assessment-words-item-2,instruction,approved,approved,"Now, read the second word.","Ngayon, basahin ang ikalawang salita.",apps/api/storage/app/private/tts/staging/fil-PH-v1/sh-fil/part-1/task-2b/assessment-words-item-2.wav,2.880,1c6a2249f3482bee0d1ebabe4ec21f454f7108232081b86463cf47c7273e9839,"Approved by the product owner after listening review on 2026-08-09."
batch-002,assessment-words-item-3,instruction,approved,approved,"Now, read the third word.","Ngayon, basahin ang ikatlong salita.",apps/api/storage/app/private/tts/staging/fil-PH-v1/sh-fil/part-1/task-2b/assessment-words-item-3.wav,3.200,2bb2aaf0db89efbe0935219c4ada4433a104e2b9b5c0cec8bba2c62dbd3aab20,"Approved by the product owner after listening review on 2026-08-09."
batch-002,assessment-words-item-4,instruction,approved,approved,"Now, read the fourth word.","Ngayon, basahin ang ikaapat salita.",apps/api/storage/app/private/tts/staging/fil-PH-v1/sh-fil/part-1/task-2b/assessment-words-item-4.wav,2.880,f4c1ddf40cdeb9db29b41f222f43a5fa76a41af504ba2b8ac153d572ac70fcc1,"Approved by the product owner after listening review on 2026-08-09."
batch-002,assessment-words-item-5,instruction,approved,approved,"Now, read the fifth word.","Ngayon, basahin ang ikalimang salita.",apps/api/storage/app/private/tts/staging/fil-PH-v1/sh-fil/part-1/task-2b/assessment-words-item-5.wav,3.200,6e7e9a6d0d37b5baa632e4c0ea753544383434cb3f8c0d79bd29c2bb6e19e1a1,"Approved by the product owner after listening review on 2026-08-09."
batch-002,assessment-words-item-6,instruction,approved,approved,"Now, read the sixth word.","Ngayon, basahin ang ikaanim na salita.",apps/api/storage/app/private/tts/staging/fil-PH-v1/sh-fil/part-1/task-2b/assessment-words-item-6.wav,3.680,165e1dd69cf6b3887720aceaa39a547799cc0a292bfdcb2e04dc4d0623e426fb,"Approved by the product owner after listening review on 2026-08-09."
batch-002,assessment-words-item-7,instruction,approved,approved,"Now, read the seventh word.","Ngayon, basahin ang ikapitong salita.",apps/api/storage/app/private/tts/staging/fil-PH-v1/sh-fil/part-1/task-2b/assessment-words-item-7.wav,4.000,bc5d9880be0ec5bd7f85158938a1c640ab671a58c80b68a86452aa2fa6826562,"Approved by the product owner after listening review on 2026-08-09."
batch-002,assessment-words-item-8,instruction,approved,approved,"Now, read the eighth word.","Ngayon, basahin ang ikawalong salita.",apps/api/storage/app/private/tts/staging/fil-PH-v1/sh-fil/part-1/task-2b/assessment-words-item-8.wav,3.520,4003ed951ceb619a3cdc12b4b6c104a9b8147083c2661909c29149c38ad4510d,"Approved by the product owner after listening review on 2026-08-09."
batch-002,assessment-words-item-9,instruction,approved,approved,"Now, read the ninth word.","Ngayon, basahin ang ikasiyam na salita.",apps/api/storage/app/private/tts/staging/fil-PH-v1/sh-fil/part-1/task-2b/assessment-words-item-9.wav,3.360,fd1e41117f541c1fa00b286d1b0514f62a28192a5c3b62852c76e21ece40f79e,"Approved by the product owner after listening review on 2026-08-09."
batch-002,assessment-words-item-10,instruction,approved,approved,"Now, read the tenth word.","Ngayon, basahin ang ikasampung salita.",apps/api/storage/app/private/tts/staging/fil-PH-v1/sh-fil/part-1/task-2b/assessment-words-item-10.wav,3.040,e742a195b52b4f474bc8537df93251d92d48aa3bcb88e6eab9fc2e8c8e793da3,"Approved by the product owner after listening review on 2026-08-09."
